post_date,link,post_score,upvote_prop,sentiment,avgCommentLength,commentCount,zSentiment
2013-11-25,http://blog.earwolf.com/post/68032433107,18,1,7,53.23076923076923,13,3.1485276651469554
2014-05-26,http://www.earwolf.com/episode/hi-how-are-you/,7,0.73,2,8.75,4,2.91557105040947
2016-08-07,http://www.earwolf.com/episode/exclusive-prince-interview/,38,0.79,5,22.545454545454547,11,2.640258687537895
2014-02-03,http://www.earwolf.com/episode/smaugs-kickstarter/,19,0.89,4,41.333333333333336,9,2.5790781624553225
2013-07-15,http://earwolf.com/episode/this-is-not-me-this-is-them/,26,0.97,7,21.941176470588236,17,2.3811411695411184
2014-06-05,http://www.earwolf.com/episode/summer-haunted-house/,16,0.88,5,18.076923076923077,13,2.2167012061970106
2014-01-27,http://www.earwolf.com/episode/that-wasnt-it-im-back-hee-hee/,11,0.87,3,12.375,8,2.158462052512639
2014-06-16,http://www.earwolf.com/episode/honk-shoo/,14,0.83,6,14.9375,16,2.158462052512639
2015-01-01,http://www.earwolf.com/episode/best-of-2014-pt-4/,51,0.98,7,17.65,20,2.0070402529332725
2014-05-05,http://www.earwolf.com/episode/a-thrilling-cbb-adventure-hour/,25,0.88,8,24.5,24,1.9060923865470287
2015-07-23,http://www.earwolf.com/episode/the-marm-of-smarm-returns/,53,0.97,13,14.073170731707316,41,1.807606663243376
2016-05-16,http://www.earwolf.com/episode/i-got-your-results/,62,0.98,14,14.777777777777779,45,1.77149523136537
2014-04-21,http://www.earwolf.com/episode/wompsters-university/,34,0.89,6,20.666666666666668,21,1.6176699111577597
2015-04-06,http://www.earwolf.com/episode/athletes-head/,55,0.95,18,18.6,65,1.5644226849320488
2014-07-21,http://www.earwolf.com/episode/oh-golly-you-devil/,72,0.97,20,22.63013698630137,73,1.5465520405138304
2015-04-09,http://www.earwolf.com/episode/classic-switcheroo/,38,1,13,19.708333333333332,48,1.5275378875986132
2014-05-22,http://www.earwolf.com/episode/back-to-barz-back-to-reality/,14,0.87,2,16.125,8,1.4013530546158082
2017-05-20,http://www.earwolf.com/episode/grammy-spectacular/,15,0.86,1,20.25,4,1.4013530546158082
2015-01-12,http://www.earwolf.com/episode/too-much-tuna-tour/,52,0.95,14,20.75438596491228,57,1.3747878266194282
2014-06-02,http://www.earwolf.com/episode/shed-busting/,20,0.87,5,30.095238095238095,21,1.329247435768491
2017-04-17,http://www.earwolf.com/episode/strea-hemoth/,76,0.96,14,20.616666666666667,60,1.3004051882295642
2014-11-17,http://earwolf.polldaddy.com/s/best-of-cbb-2014,37,1,17,27.789473684210527,76,1.241961686637528
2014-06-30,http://www.earwolf.com/episode/canadian-apparel/,27,0.9,5,22.125,24,1.1489833886501981
2013-10-16,http://www.earwolf.com/episode/clones-and-oliver-stones/,12,0.89,8,27.121951219512194,41,1.0689637384659803
2014-08-21,http://www.earwolf.com/episode/project-funway/,36,0.89,8,13.731707317073171,41,1.0689637384659803
2014-09-18,http://www.earwolf.com/episode/dennys-boys/,23,0.88,5,20.76923076923077,26,1.0519181325095788
2017-02-06,http://www.earwolf.com/episode/quiznos-what-quizdid/,106,0.98,17,18.857142857142858,91,1.0186386161185093
2015-08-03,http://www.earwolf.com/episode/cafeteriapalooza/,51,0.97,14,21,76,1.0028746346701078
2015-07-06,http://www.earwolf.com/episode/snow-dome/,38,0.96,9,20.857142857142858,49,0.9996217496093267
2016-10-03,http://www.earwolf.com/episode/master-of-horror/,89,0.98,11,21.048387096774192,62,0.9617413784176485
2015-10-05,http://www.earwolf.com/episode/realies-and-fictionals/,71,0.97,6,21.852941176470587,34,0.9559948205588491
2014-12-08,http://www.earwolf.com/episode/musical-organs/,26,0.88,8,25.195652173913043,46,0.940504099374259
2016-09-12,http://www.earwolf.com/episode/mind-your-please-and-questions/,75,0.97,14,17.469135802469136,81,0.9340018213461596
2014-06-17,http://www.earwolf.com/episode/droppin-wallets/,19,0.93,2,12.916666666666666,12,0.8966137226845877
2015-08-13,http://www.earwolf.com/episode/the-hotwives-of-las-vegas/,33,0.94,3,22.055555555555557,18,0.8966137226845877
2015-11-09,http://www.earwolf.com/episode/the-beatles-of-cults/,68,0.98,8,24.604166666666668,48,0.8966137226845877
2014-12-15,http://www.earwolf.com/episode/2014-holiday-spectacular/,90,0.98,12,18.05263157894737,76,0.8434832666918277
2015-01-26,http://www.earwolf.com/episode/secret-superlatives/,57,0.99,8,18.529411764705884,51,0.8372326248103266
2017-06-26,http://www.earwolf.com/episode/face-fox/,151,0.97,24,17.556962025316455,158,0.8071662461398146
2014-11-24,http://store.earwolf.com/store/digital/3840/2014-comedy-bang-bang-live-show-bundle,31,0.93,5,25.205882352941178,34,0.7778515269360653
2015-12-21,http://www.earwolf.com/episode/best-of-2015-pt-1/,108,0.97,14,23.36082474226804,97,0.7613227677339512
2015-01-08,http://www.earwolf.com/episode/beatle-heaven/,38,0.94,7,22.346938775510203,49,0.7524024849899532
2017-07-31,http://www.earwolf.com/episode/manchester-orchestras-kith-and-kin/,140,0.98,18,24.771653543307085,127,0.7455893556500492
2016-06-16,http://www.earwolf.com/episode/get-donkd/,66,0.98,12,17.694117647058825,85,0.7422228682115085
2015-09-28,http://www.earwolf.com/episode/mailer-daemon/,104,0.97,17,15.896,125,0.7108696485338986
2016-02-18,http://www.earwolf.com/episode/solo-bolo-trolo/,146,0.99,16,19.633333333333333,120,0.6947179899120994
2016-02-29,http://www.earwolf.com/episode/the-timeys-leap-year-celebration/,139,1,16,15.830645161290322,124,0.6686669276188751
2014-12-25,http://www.earwolf.com/episode/best-of-2014-pt-2/,48,0.95,5,11.317073170731707,41,0.6257779835995425
2016-03-17,http://earwolf.com/episode/live-at-sxsw-2016/,86,0.97,9,13.675675675675675,74,0.6237816513704145
2017-06-29,http://www.earwolf.com/episode/who-cbbeefed/,149,0.97,13,20.345454545454544,110,0.6029472022882412
2016-02-22,http://www.earwolf.com/episode/this-aint-now-this-is-then/,100,0.97,12,14.990196078431373,102,0.5997082333132815
2017-01-16,http://www.earwolf.com/episode/gossip-guy/,85,0.96,8,24.75,68,0.5997082333132815
2017-06-12,http://www.earwolf.com/episode/goo-it/,92,0.97,6,17.392156862745097,51,0.5997082333132815
2015-06-15,http://www.earwolf.com/episode/heynong-man/,114,0.98,11,16,98,0.5669880365254233
2015-11-30,http://www.earwolf.com/episode/travel-agent-si/,51,1,3,19.5,28,0.5360856284480016
2015-06-25,http://www.earwolf.com/episode/freddie-mercury-to-me/,37,0.97,4,15.368421052631579,38,0.5247005307352673
2017-05-22,http://www.earwolf.com/episode/cbb-488/,86,0.99,7,20.602941176470587,68,0.5106365865018896
2014-10-27,http://www.earwolf.com/episode/lumber-hack/,27,0.95,4,19.102564102564102,39,0.5083526981221104
2016-03-21,http://earwolf.com/episode/man-brats/,70,0.98,9,17.28409090909091,88,0.50658787528319
2016-08-11,http://www.earwolf.com/episode/its-great/,125,0.96,11,14.435185185185185,108,0.5040386867380828
2017-01-09,http://www.earwolf.com/episode/harsh-joe-pinions/,104,0.97,11,23.05504587155963,109,0.4983790204269275
2017-03-27,http://www.earwolf.com/episode/spank-me-with-a-feather/,159,0.97,15,22.233333333333334,150,0.49282225713961136
2014-09-22,http://www.earwolf.com/episode/grounded-meat/,35,0.9,4,18.75609756097561,41,0.47804939864406343
2015-09-21,http://www.earwolf.com/episode/good-night-in-the-morning/,124,0.97,12,21.853658536585368,123,0.47804939864406343
2014-07-28,http://www.earwolf.com/episode/theyre-twins-jonah/,36,0.98,4,20.857142857142858,42,0.46398000960068436
2016-10-17,http://www.earwolf.com/episode/wishing-with-the-grawlix/,87,0.99,8,19.658823529411766,85,0.4571935984150546
2017-03-23,http://www.earwolf.com/episode/two-fingers-wide/,124,0.98,8,15.505882352941176,85,0.4571935984150546
2015-09-14,http://www.earwolf.com/episode/womptacular-2015/,113,0.97,8,19.436781609195403,87,0.4440888044014245
2015-11-02,http://www.earwolf.com/episode/numbers-cannot-lie/,80,0.99,8,26.045454545454547,88,0.43775978456529635
2015-03-09,http://www.earwolf.com/episode/be-my-guest-literally/,111,0.99,13,20.194444444444443,144,0.4339360017476356
2017-06-05,http://www.earwolf.com/episode/coma-pants/43,88,0.99,8,15.544444444444444,90,0.42552367954878195
2015-11-19,http://www.earwolf.com/episode/most-multiple-personalities/,69,0.99,5,19.80701754385965,57,0.4184396187497472
2016-08-15,http://www.earwolf.com/episode/pop-tartender/,136,0.98,12,23.467625899280577,139,0.4100304818300298
2017-06-22,http://www.earwolf.com/episode/king-garbage-dick/,91,1,6,15.885714285714286,70,0.40629551452283064
2015-06-04,http://www.earwolf.com/episode/solo-bolo-dos-lo/,101,0.98,8,16.54736842105263,95,0.3971874363526432
2014-04-07,http://www.earwolf.com/episode/duality/,19,0.86,1,24.333333333333332,12,0.39187439075336716
2014-12-01,http://www.earwolf.com/episode/golden-duchess-cruise-lines/,35,1,4,26.541666666666668,48,0.39187439075336716
2015-08-06,http://www.earwolf.com/episode/bits-riffs-and-friendships/,93,0.98,6,19.083333333333332,72,0.39187439075336716
2016-12-19,http://www.earwolf.com/episode/best-of-2016-pt-1/,184,0.99,11,19.424242424242426,132,0.39187439075336716
2017-02-23,http://www.earwolf.com/episode/pleats-please/,83,0.97,5,23.131147540983605,61,0.38359997547580615
2014-11-24,http://www.earwolf.com/episode/pie-quiz-with-tears-for-fears/,57,0.95,6,11.81081081081081,74,0.37823278718765857
2016-12-05,http://www.earwolf.com/episode/breakin-since-the-30s/,87,0.97,9,18.63963963963964,111,0.37823278718765857
2014-09-08,http://www.earwolf.com/episode/tony-macaroni/,32,0.93,4,23.82,50,0.3716848174761184
2015-07-09,http://www.earwolf.com/episode/waiting-for-infinnerty/,45,1,4,21.22,50,0.3716848174761184
2015-03-16,http://www.earwolf.com/episode/live-from-sxsw-2015/,39,1,8,25.796116504854368,103,0.3575717177094978
2015-08-24,http://www.earwolf.com/episode/you-got-predicted/,44,0.91,7,18.934065934065934,91,0.3530482882971195
2015-07-20,http://www.earwolf.com/episode/wet-hot-crew/,57,0.97,5,24.803030303030305,66,0.3459889969414381
2015-03-30,http://www.earwolf.com/episode/a-silicon-valley-p-cast/,66,0.99,6,17.209876543209877,81,0.33579224276100933
2018-01-08,http://www.earwolf.com/episode/air-lift-me-out/,131,0.99,7,17.072916666666668,96,0.32878197426196465
2014-02-10,http://www.earwolf.com/episode/off-the-grid/,22,0.87,1,21.642857142857142,14,0.31976877190604996
2015-06-08,http://www.earwolf.com/episode/kid-detectives/,118,0.99,6,14.369047619047619,84,0.31976877190604996
2016-02-25,http://www.earwolf.com/episode/introducing-the-japan-dogs/,46,0.95,2,27.392857142857142,28,0.31976877190604996
2017-02-20,http://www.earwolf.com/episode/cbb-471/,107,0.98,7,20.5,98,0.31976877190604996
2016-09-05,http://www.earwolf.com/episode/this-is-your-boy-troy/,106,0.96,5,18.56338028169014,71,0.3136753393274035
2017-08-14,http://www.earwolf.com/episode/reeses-feces/,119,0.98,9,18.829457364341085,129,0.30970752276456387
2015-02-16,http://www.earwolf.com/episode/the-wedding-of-gilli-and-garry/,83,1,5,21.986666666666668,75,0.29092652436712313
2015-05-04,http://www.earwolf.com/episode/the-6th-anniversary-show/,131,0.98,10,17.974025974025974,154,0.28043843435296784
2016-12-01,http://www.earwolf.com/episode/tragedy-boom-boom-with-the-magic-tavern/,100,0.99,4,17.444444444444443,63,0.2716983593411718
2016-08-29,http://www.earwolf.com/episode/atlantis-dire-warning/,101,1,5,27.170731707317074,82,0.2564565212108446
2016-02-04,http://www.earwolf.com/episode/trump-vs-bernie/,130,0.99,9,22.361290322580643,155,0.2388243997806746
2016-10-13,http://www.earwolf.com/episode/throw-it-on-the-floor/,60,0.99,4,18.014285714285716,70,0.23324202928926938
2016-11-03,http://www.earwolf.com/episode/the-washington-monugents-reunite/,126,1,5,21.359550561797754,89,0.22740876574207064
2017-05-01,http://www.earwolf.com/episode/the-8th-anniversary-show/,353,0.98,17,34.353135313531354,303,0.22695955952831495
2016-10-27,http://www.earwolf.com/episode/unblocked-and-unlocked/,67,0.99,4,23.569444444444443,72,0.2236279467762937
2016-01-21,http://www.earwolf.com/episode/the-intern-challenge/,136,1,10,17.34426229508197,183,0.21811166992458642
2017-08-07,http://www.earwolf.com/episode/error-502/,114,0.98,6,23.483333333333334,120,0.18997865798087904
2016-06-13,http://www.earwolf.com/episode/true-russian-facts/,60,0.96,4,22.536585365853657,82,0.1825922287331051
2016-12-29,http://www.earwolf.com/episode/best-of-2016-pt-4/,111,0.98,8,23.90449438202247,178,0.15935402435808588
2014-11-03,http://www.earwolf.com/episode/charging-kids/,27,0.92,2,27.872340425531913,47,0.1448742921487274
2016-04-14,http://www.earwolf.com/episode/the-longest-pig-pile/,66,0.99,3,15.394366197183098,71,0.14305922712530078
2017-08-21,http://www.earwolf.com/episode/grass-fed-bits/,79,0.96,3,29.416666666666668,72,0.13950472478775697
2017-08-28,http://www.earwolf.com/episode/hot-tub-diarrhea/,93,0.96,4,20.653465346534652,101,0.12701117696767728
2016-11-28,http://www.earwolf.com/episode/persons-of-interest/,76,0.98,2,24.79245283018868,53,0.11569626573439752
2014-07-07,http://www.earwolf.com/episode/hotwives-of-orlando/,10,0.75,1,19.925925925925927,27,0.11146365079157806
2017-05-08,http://www.earwolf.com/episode/schwimm-on-in/,121,0.98,5,23.992592592592594,135,0.11146365079157806
2016-05-19,http://earwolf.com/episode/the-woodyverse/,61,0.97,3,26.36144578313253,83,0.1060581425513508
2015-05-11,http://www.earwolf.com/episode/helmets-aqueduct-crucifixion-boobs/,47,0.93,2,26.285714285714285,63,0.0794167090816593
2016-07-18,http://www.earwolf.com/episode/jim-gaffigan-says-no/,90,0.98,3,19.343434343434343,99,0.0706766340698633
2014-07-15,http://www.earwolf.com/episode/dont-hack-the-sac/,27,0.88,1,23,34,0.06527835244493045
2016-04-28,http://www.earwolf.com/episode/paul-reiser-apple-tree/,94,0.98,3,24.18867924528302,106,0.05855596400633484
2016-06-27,http://www.earwolf.com/episode/man-veils/,62,0.94,2,16.972972972972972,74,0.050834301610650695
2016-05-02,http://www.earwolf.com/episode/the-7th-anniversary-show/,143,0.99,5,21.466019417475728,206,0.03414651472444397
2016-07-04,http://www.earwolf.com/episode/dana-carvey-micro-impressions/,119,0.99,2,29.202380952380953,84,0.03134629651678116
2016-11-07,http://www.earwolf.com/episode/the-historic-rap/,129,1,2,13.149425287356323,87,0.02637349521696619
2017-02-27,http://www.earwolf.com/episode/tight-tort/,129,0.97,3,18.61832061068702,131,0.025842050803245507
2014-09-15,http://www.earwolf.com/episode/little-button-puss/,39,0.96,1,27.045454545454547,44,0.024791240257934156
2016-05-23,http://earwolf.com/episode/time-bobby-4/,126,0.99,2,19.292134831460675,89,0.023244541590116314
2017-01-02,http://www.earwolf.com/episode/a-ton-more-sexy/,141,0.98,2,29.786516853932586,89,0.023244541590116314
2016-09-26,http://www.earwolf.com/episode/these-are-the-worst/,66,0.95,2,29.836734693877553,98,0.010744691131833387
2014-09-01,http://www.earwolf.com/episode/superego-loose-beginnings-tight-ends/,33,0.87,1,17.82,50,0.008272498485639667
2015-09-07,http://www.earwolf.com/episode/vocal-fry/,52,0.95,1,19.01818181818182,55,-0.002739996029223334
2016-01-04,http://www.earwolf.com/episode/peanuts-awareness,78,0.98,2,18.94871794871795,117,-0.00932866796119263
2017-08-17,http://www.earwolf.com/episode/the-bigger-the-percent-the-better/,156,0.98,2,25.64406779661017,118,-0.01020609400540163
2017-04-03,http://www.earwolf.com/episode/the-bunn-process/,52,0.91,1,30.514705882352942,68,-0.023793294366461402
2016-05-09,http://www.earwolf.com/episode/todd-is-too-high-rogue-wave/,64,0.91,1,22.952380952380953,84,-0.040759322330536044
2017-07-24,http://www.earwolf.com/episode/the-500th-episode/,377,0.97,3,22.220973782771537,267,-0.04481019979386847
2017-05-29,http://www.earwolf.com/episode/the-bajillion-dollar-propertie-elevator-pitch/,134,0.93,1,19.788990825688074,109,-0.05729730830469136
2016-06-02,http://www.earwolf.com/episode/sunday-afternoon-taped/,117,0.98,1,20.025252525252526,198,-0.08227467863656715
2014-04-14,http://www.earwolf.com/episode/bro-boarders/,22,0.93,0,11.538461538461538,13,-0.11286494117785326
2014-05-26,http://www.earwolf.com/episode/the-exorcism-of-cake-boss/,44,0.95,0,12.205128205128204,39,-0.11286494117785326
2014-06-12,http://www.earwolf.com/episode/monster-muscles/,23,0.91,0,15.909090909090908,22,-0.11286494117785326
2014-09-29,http://www.earwolf.com/episode/gumbo-challenge/,50,0.97,0,20.623529411764707,85,-0.11286494117785326
2015-03-19,http://www.earwolf.com/episode/live-from-sxsw-2015-ii/,41,0.94,0,23.636363636363637,44,-0.11286494117785326
2015-09-17,http://www.earwolf.com/episode/romantic-tommy-d/,68,0.96,0,19.923076923076923,65,-0.11286494117785326
2016-03-14,http://www.earwolf.com/episode/shut-the-fuck-door/,91,0.98,0,19.971153846153847,104,-0.11286494117785326
2016-04-21,http://store.earwolf.com/store/apparel/9395/the-official-2016-comedy-bang-bang-tour-shirt,19,0.96,0,16.1,10,-0.11286494117785326
2016-01-11,http://www.earwolf.com/episode/wisconsin-sugar-babies/,86,0.99,-2,23.601190476190474,168,-0.18497056002517046
2016-10-10,http://www.earwolf.com/episode/nasty-lyrics/,96,0.97,-1,14.304347826086957,69,-0.20064569455719594
2016-07-25,http://www.earwolf.com/episode/rich-mind-vain/,130,0.98,-3,20.342391304347824,184,-0.21161828872961377
2014-08-11,http://www.earwolf.com/episode/marissa-womplers-six-flags-birthday-womptacular/,64,0.98,-1,15.433333333333334,60,-0.21381280756409735
2017-02-13,http://www.earwolf.com/episode/electric-guest-are-masculine/,89,0.95,-2,31.45762711864407,118,-0.21552378835030486
2016-01-18,http://www.earwolf.com/episode/yupparently/,51,0.98,-2,20.530434782608694,115,-0.2182018452330645
2016-12-22,http://www.earwolf.com/episode/best-of-2016-pt-2/,118,1,-2,20.81578947368421,114,-0.21912585316337338
2014-10-20,http://www.earwolf.com/episode/tash-2/,30,0.96,-1,18.232142857142858,56,-0.22102336944882905
2018-01-04,http://www.earwolf.com/episode/best-of-2017-pt-4/,159,0.99,-3,26.879518072289155,166,-0.22232648304245528
2017-05-15,http://www.earwolf.com/episode/genie-awareness/,95,0.98,-2,20.333333333333332,99,-0.23522599134299763
2017-03-06,http://www.earwolf.com/episode/liquid-meal-spheres/,160,0.97,-4,21.407185628742514,167,-0.2579397192179645
2014-10-06,http://www.earwolf.com/episode/yall-heard-any-of-these-names-before/,50,0.97,-2,22.859154929577464,71,-0.28348105337995594
2015-05-18,http://www.earwolf.com/episode/cbb-the-movie/,154,0.95,-4,21.46043165467626,139,-0.2871634155138143
2017-04-20,http://www.earwolf.com/episode/the-420-show/,123,0.97,-3,16.096153846153847,104,-0.28758240223096804
2015-07-27,http://www.earwolf.com/episode/bongo-vs-bongos/,94,0.97,-3,22.831683168316832,101,-0.2927720297870012
2016-03-28,http://www.earwolf.com/episode/you-know-john-leguizamo/,66,0.97,-2,24.677419354838708,62,-0.30824790837703536
2014-12-22,http://www.earwolf.com/episode/best-of-2014-pt-1/,77,0.98,-4,20.803418803418804,117,-0.3199374876111745
2016-02-15,http://www.earwolf.com/episode/love-is-thicker-than-water,124,0.99,-5,17.586466165413533,133,-0.3405668954325392
2015-12-14,http://www.earwolf.com/episode/2015-holiday-spectacular/,148,0.99,-4,21.228571428571428,105,-0.34360292148926835
2017-06-19,http://www.earwolf.com/episode/dashiki-fever/,129,0.96,-4,20.387755102040817,98,-0.3600842057972265
2015-04-13,http://www.earwolf.com/episode/shifting-bouncy/,31,0.94,-1,26.5,24,-0.36523460714346345
2016-04-18,http://www.earwolf.com/episode/silicone-bralley-poo-crew/,142,0.99,-6,15.695035460992909,141,-0.3706041745044339
2017-03-13,http://www.earwolf.com/episode/prince-and-john-popper/,150,0.98,-4,15.617021276595745,94,-0.3706041745044339
2015-09-10,http://www.earwolf.com/episode/tick-tock/,85,0.99,-3,16.44776119402985,67,-0.3840681643050762
2014-03-03,http://earwolf.com/episode/oh-golly/,43,0.94,-1,28.863636363636363,22,-0.3881773040494281
2014-06-09,http://www.earwolf.com/episode/djs-are-sleaze-js/,19,0.87,-1,22.863636363636363,22,-0.3881773040494281
2015-07-14,http://store.earwolf.com/store/digital/5047/comedy-bang-bang-live-from-comic-con-2015-w-derek-waters-paul-f-tompkins-ta,41,0.94,-1,20.63157894736842,19,-0.43164767713441354
2017-04-24,http://www.earwolf.com/episode/an-abandoned-puppet-theater-w-cbb-tour-reunion/,118,0.99,-3,18.642857142857142,56,-0.43734022599078065
2017-01-30,http://www.earwolf.com/episode/the-dream-method/,100,0.97,-13,29.91176470588235,238,-0.4437024864773087
2016-02-01,http://www.earwolf.com/episode/prayer-orgy/,54,0.98,-3,20.566037735849058,53,-0.45570675154622947
2016-06-06,http://www.earwolf.com/episode/schwartz-schwarts/,106,0.97,-6,13.028571428571428,105,-0.45897191164497586
2015-03-23,http://www.earwolf.com/episode/banging-the-table-with-stars/,47,0.98,-5,18.523255813953487,86,-0.4650086611298675
2014-10-13,http://www.earwolf.com/episode/sandwich-therapy/,38,0.92,-2,21.470588235294116,34,-0.46915152842342067
2014-08-18,http://www.earwolf.com/episode/cattlelickitup/,37,0.9,-4,17.08955223880597,67,-0.47446923868081714
2015-08-31,http://www.earwolf.com/episode/motown-tea/,39,0.95,-3,21.714285714285715,49,-0.4836938381069132
2014-12-29,http://www.earwolf.com/episode/best-of-2014-pt-3/,41,0.93,-3,18.382978723404257,47,-0.4994737911677242
2017-07-10,http://www.earwolf.com/episode/wait-awhile/,100,0.97,-5,20.818181818181817,77,-0.5061683167086743
2017-04-10,http://www.earwolf.com/episode/silly-con-valley-poo-crew-3/,224,0.97,-8,20.049180327868854,122,-0.5100368745007808
2017-07-17,http://www.earwolf.com/episode/the-freak/,144,0.98,-11,21.646706586826348,167,-0.5118205807881593
2016-02-08,http://www.earwolf.com/episode/the-war-on-surfing/,157,0.99,-9,17.150375939849624,133,-0.5227284588362879
2018-01-01,http://www.earwolf.com/episode/best-of-2017-pt-3/,126,0.98,-8,20.60683760683761,117,-0.5270100340444958
2014-04-28,http://www.earwolf.com/episode/the-5th-anniversary-show/,29,0.92,-3,15.837209302325581,43,-0.5354374051202704
2015-11-23,http://www.earwolf.com/episode/breath-before-death/,52,0.98,-4,22.535714285714285,56,-0.5454986542617565
2017-01-23,http://www.earwolf.com/episode/trulife-tv/,92,0.97,-6,24.835443037974684,79,-0.5728805348366871
2015-02-02,http://www.earwolf.com/episode/what-winsome-said/,28,0.93,-2,14.192307692307692,26,-0.578778170652826
2014-08-25,http://www.earwolf.com/episode/ruths-ross-dress-for-loss/,28,0.95,-3,17.842105263157894,38,-0.5910390451126937
2015-08-17,http://www.earwolf.com/episode/the-brochelor/,40,0.92,-6,39.64473684210526,76,-0.5910390451126937
2015-02-09,http://www.earwolf.com/episode/pit-stop/,21,0.97,-5,26.62295081967213,61,-0.6093298578315127
2016-09-15,http://www.earwolf.com/episode/sully-goose/,102,0.99,-5,24.327868852459016,61,-0.6093298578315127
2015-12-24,http://www.earwolf.com/episode/best-of-2015-pt-2/,76,0.99,-7,17.44705882352941,85,-0.6116661633216476
2015-01-05,http://www.earwolf.com/episode/bang-bang-into-your-mouth/,63,0.97,-6,20.6056338028169,71,-0.6247132777841613
2016-03-07,http://www.earwolf.com/episode/kid-detectives-ii/,226,0.98,-10,18.06896551724138,116,-0.6350090776584262
2017-07-03,http://www.earwolf.com/episode/the-dream-lords/,91,0.98,-9,21.36,100,-0.6579834196635713
2015-10-12,http://www.earwolf.com/episode/kitchen-stand-up/,55,0.96,-6,21.46969696969697,66,-0.6634896669210029
2014-08-04,http://www.earwolf.com/episode/puttering-around/,22,0.91,-4,22.790697674418606,43,-0.6762948931010762
2016-07-11,http://www.earwolf.com/episode/government-pizza/,50,0.9,-9,22.479166666666668,96,-0.6806966896004764
2016-12-12,http://www.earwolf.com/episode/2016-holiday-spectacular/,323,0.98,-34,22.685082872928177,362,-0.6817424202605548
2017-04-24,http://www.earwolf.com/episode/pre-chowder/,190,0.99,-20,19.745098039215687,204,-0.7066759199204656
2014-10-16,http://www.earwolf.com/episode/in-the-larp-run/,33,0.93,-6,32.18333333333333,60,-0.7185521394953179
2016-05-30,http://www.earwolf.com/episode/almost-parasites/,61,0.97,-8,30.924050632911392,79,-0.7262190660562984
2015-01-19,http://www.earwolf.com/episode/peruvian-pullovers/,32,0.9,-6,18.06779661016949,59,-0.728818024212563
2015-04-23,http://www.earwolf.com/episode/foley-slumber-party/,27,0.97,-7,25.41176470588235,68,-0.7363664688575962
2015-06-01,http://www.earwolf.com/episode/goodbye-reggie/,61,0.95,-6,25.035714285714285,56,-0.7618155108037081
2014-01-20,http://www.earwolf.com/episode/the-calvins-twins/,12,0.79,-1,20.666666666666668,9,-0.7858507170861472
2014-11-17,http://earwolf.com/episode/youtube-phenomana/,31,0.91,-4,14.583333333333334,36,-0.7858507170861472
2015-02-12,http://www.earwolf.com/episode/the-dream-team/,41,0.94,-5,17.6,45,-0.7858507170861472
2015-12-07,http://www.earwolf.com/episode/the-oh-hello-show/,89,0.99,-9,21.666666666666668,81,-0.7858507170861472
2015-02-23,http://www.earwolf.com/episode/not-farts-procreation-4/,178,1,-13,26,112,-0.815894724939196
2016-06-20,http://www.earwolf.com/episode/almost-mandatory/,113,0.98,-20,21.054545454545455,165,-0.8470312421687194
2015-06-29,http://www.earwolf.com/episode/tofupeople/,30,0.92,-5,18,41,-0.851507865955249
2014-05-12,http://www.earwolf.com/episode/time-bobby-3/,57,0.94,-6,12.770833333333334,48,-0.8699739390746839
2014-06-23,http://www.earwolf.com/episode/taking-the-bladder-out/,26,0.93,-1,24.125,8,-0.8699739390746839
2015-06-11,http://www.earwolf.com/episode/half-a-score/,37,0.96,-2,25.5625,16,-0.8699739390746839
2014-02-13,http://www.earwolf.com/episode/tiny-little-boy-parts/,12,0.89,-1,15.857142857142858,7,-0.9781323673456597
2016-09-19,http://www.earwolf.com/episode/scrounging-and-lounging/,125,0.99,-20,17.805755395683452,139,-0.9843573128576583
2017-07-13,http://www.earwolf.com/episode/what-that-dos/,90,0.99,-15,17.26923076923077,104,-0.986452246443427
2016-06-30,http://www.earwolf.com/episode/ghost-pets-are-liars/,82,0.99,-11,32.86666666666667,75,-1.0012061653768012
2015-03-02,http://www.earwolf.com/episode/the-ying-and-the-yankovic/,47,0.92,-8,21.24074074074074,54,-1.0101793090555784
2014-11-10,http://www.earwolf.com/episode/big-fat-voice/,24,0.92,-5,13.548387096774194,31,-1.0897797771737638
2017-09-04,http://www.earwolf.com/episode/popcorn-costume/,81,0.91,-31,41.903225806451616,186,-1.1223436050402942
2015-04-27,http://www.earwolf.com/episode/is-yall-my-daddy/,50,0.94,-13,24.319444444444443,72,-1.2064668270288308
2015-06-22,http://www.earwolf.com/episode/modern-anti-comedy/,38,0.95,-13,24.555555555555557,72,-1.2064668270288308
2016-04-25,http://www.earwolf.com/episode/the-3-year-diet/,50,0.98,-14,19.766233766233768,77,-1.2141143926641524
2016-10-24,http://www.earwolf.com/episode/pow-pow-power-wheels/,117,0.98,-22,20.454545454545453,121,-1.2141143926641524
2016-08-08,http://www.earwolf.com/episode/hair-take-it/,88,0.92,-37,32.142131979695435,197,-1.2504500344644618
2017-03-20,http://www.earwolf.com/episode/the-evigan-way/,64,0.92,-14,21.442857142857143,70,-1.3242393378127824
2015-11-16,http://www.earwolf.com/episode/titbit-for-tatbit/,58,1,-17,23.75,84,-1.3386604615822457
2016-12-26,http://www.earwolf.com/episode/best-of-2016-pt-3/,100,0.98,-17,21.853658536585368,82,-1.368557913299426
2016-01-25,http://www.earwolf.com/episode/my-silly-moss-man/,88,0.99,-23,34.58715596330275,109,-1.3909204972605766
2016-11-14,http://www.earwolf.com/episode/prepare-the-quake/,68,0.97,-13,22.462962962962962,54,-1.5710007889791568
2014-05-08,http://www.earwolf.com/episode/solo-bolo/,27,0.86,-4,18.4375,16,-1.6270829369715147
2016-10-31,http://www.earwolf.com/episode/return-to-suicide-house-part-tricks-or-treats/,194,0.98,-33,17.625,128,-1.6744022493400665
2017-04-06,http://www.earwolf.com/episode/tooth-of-the-sea,66,0.93,-35,35.6044776119403,134,-1.6948837427533203
2015-04-20,http://www.earwolf.com/episode/that-is-wild/,36,0.98,-19,32.605633802816904,71,-1.7337180070978286
2015-07-13,http://www.earwolf.com/episode/romantig/,51,0.92,-18,16.03125,64,-1.8163601864457224
2015-10-08,http://www.earwolf.com/episode/colinary-journey/,41,0.96,-26,26.65909090909091,88,-1.9023952998430895
2015-10-26,http://www.earwolf.com/episode/suicide-house-part-boo/,81,0.97,-30,35.27835051546392,97,-1.9861243174174343
2014-01-30,http://earwolf.com/episode/what-does-the-fonz-say/,15,0.82,-1,16.666666666666668,3,-2.131822268902735
2014-05-19,http://www.earwolf.com/episode/stinky-chips/,19,0.86,-7,24.88235294117647,17,-2.606871051896825
2014-10-30,http://www.earwolf.com/episode/return-to-suicide-house-part-gore/,73,0.95,-19,14.644444444444444,45,-2.67021088962937
2013-11-21,http://www.earwolf.com/episode/nuts-as-a-pile-of-nuts/,19,0.93,-4,11.625,8,-3.1413009327651764
2016-01-19,http://www.earwolf.com/episode/thats-one-way-of-doing-it/,0,0.4,-19,31.387096774193548,31,-3.8251413179623137
2014-02-24,http://www.earwolf.com/episode/vape-cod/,21,0.9,-7,49.2,10,-4.352675329400105
