date,title,comments,ppvoteProp,score,author,link,URL,totalCommentScore
2013-07-15,"Fans of James Adomian, rejoice! He returns to CBB on today's episode!",17,0.97,26,gammarayman,http://earwolf.com/episode/this-is-not-me-this-is-them/,http://www.reddit.com/r/Earwolf/comments/1ickfs/fans_of_james_adomian_rejoice_he_returns_to_cbb/,50
2013-10-16,What's your favorite CBB episode? I have a soft spot for Clones and Oliver Stones,41,0.89,12,SittingDown,http://www.earwolf.com/episode/clones-and-oliver-stones/,http://www.reddit.com/r/Earwolf/comments/1ol4pc/whats_your_favorite_cbb_episode_i_have_a_soft/,138
2013-11-21,CBB #257 Nuts As A Pile Of Nuts with Will Forte and Paul F. Tompkins,8,0.93,19,SittingDown,http://www.earwolf.com/episode/nuts-as-a-pile-of-nuts/,http://www.reddit.com/r/Earwolf/comments/1r50y4/cbb_257_nuts_as_a_pile_of_nuts_with_will_forte/,41
2014-01-20,"Comedy Bang Bang episode 266 ""The Calvins Twins"" with Taran Killam and Paul Brittain",9,0.79,12,magister0,http://www.earwolf.com/episode/the-calvins-twins/,http://www.reddit.com/r/Earwolf/comments/1vnttl/comedy_bang_bang_episode_266_the_calvins_twins/,68
2014-01-27,"Comedy Bang Bang episode 267 ""That Wasn't It (I'm Back) [Hee Hee]"" with Jerrod Carmichael, Neil Campbell, and Mookie Blaiklock",8,0.87,11,magister0,http://www.earwolf.com/episode/that-wasnt-it-im-back-hee-hee/,http://www.reddit.com/r/Earwolf/comments/1w9kzi/comedy_bang_bang_episode_267_that_wasnt_it_im/,41
2014-01-30,"Comedy Bang Bang BONUS Episode 268: ""What Does the Fonz Say?"" featuring Jimmy Pardo &amp; Betsy Sodaro",3,0.82,15,slave_to_technology,http://earwolf.com/episode/what-does-the-fonz-say/,http://www.reddit.com/r/Earwolf/comments/1wk6t7/comedy_bang_bang_bonus_episode_268_what_does_the/,5
2014-02-03,"Comedy Bang Bang episode 269 ""Smaug's Kickstarter"" with Doug Benson, Matt Besser, and Paul Hornschemeier",9,0.89,19,magister0,http://www.earwolf.com/episode/smaugs-kickstarter/,http://www.reddit.com/r/Earwolf/comments/1wvnht/comedy_bang_bang_episode_269_smaugs_kickstarter/,48
2014-02-10,"Comedy Bang Bang episode #270 ""Off the Grid"" with Jon Daly and James Adomian",14,0.87,22,magister0,http://www.earwolf.com/episode/off-the-grid/,http://www.reddit.com/r/Earwolf/comments/1xi779/comedy_bang_bang_episode_270_off_the_grid_with/,72
2014-02-13,"Comedy Bang Bang episode 271 ""Tiny Little Boy Parts"" with Nick Thune and Molly Bretthauer",7,0.89,12,magister0,http://www.earwolf.com/episode/tiny-little-boy-parts/,http://www.reddit.com/r/Earwolf/comments/1xsebj/comedy_bang_bang_episode_271_tiny_little_boy/,24
2014-02-24,"Comedy Bang Bang #273: ""Vape Cod"" with Jim O'Heir and Horatio Sanz",10,0.9,21,wooden_pants,http://www.earwolf.com/episode/vape-cod/,http://www.reddit.com/r/Earwolf/comments/1ys326/comedy_bang_bang_273_vape_cod_with_jim_oheir_and/,51
2014-03-03,"Oh, Golly! - CBB #274 with Jason Mantzoukas and Andy Daly",22,0.94,43,GoatseMcShitbungle,http://earwolf.com/episode/oh-golly/,http://www.reddit.com/r/Earwolf/comments/1zfg4e/oh_golly_cbb_274_with_jason_mantzoukas_and_andy/,139
2014-04-07,"Comedy Bang Bang #280: DuALity with ""Weird Al"" Yankovic &amp; Paul F. Tompkins",12,0.86,19,JoseFlanders,http://www.earwolf.com/episode/duality/,http://www.reddit.com/r/Earwolf/comments/22etg1/comedy_bang_bang_280_duality_with_weird_al/,43
2014-04-14,Comedy Bang Bang #281: Bro Boarders with Matt Walsh &amp; Tim Simons,12,0.93,22,JoseFlanders,http://www.earwolf.com/episode/bro-boarders/,http://www.reddit.com/r/Earwolf/comments/22zn5q/comedy_bang_bang_281_bro_boarders_with_matt_walsh/,37
2014-04-21,"Comedy Bang Bang #282 - ""Wompsters University"" with Jessica St. Clair &amp; Lennon Parham",21,0.89,34,JoseFlanders,http://www.earwolf.com/episode/wompsters-university/,http://www.reddit.com/r/Earwolf/comments/23kqg9/comedy_bang_bang_282_wompsters_university_with/,90
2014-04-28,Comedy Bang Bang #283 - 5th Anniversary Show,42,0.92,29,floatingzero,http://www.earwolf.com/episode/the-5th-anniversary-show/,http://www.reddit.com/r/Earwolf/comments/2466d8/comedy_bang_bang_283_5th_anniversary_show/,264
2014-05-05,"Comedy Bang Bang #284 - A Thrilling CBB Adventure Hour (with Marc Evan Jackson, Mark Gagliardi, PFT.)",24,0.88,25,floatingzero,http://www.earwolf.com/episode/a-thrilling-cbb-adventure-hour/,http://www.reddit.com/r/Earwolf/comments/24rc20/comedy_bang_bang_284_a_thrilling_cbb_adventure/,126
2014-05-08,Comedy Bang! Bang! #285 - SOLO BOLO edition w/ Ben Schwartz,16,0.86,27,oshoney,http://www.earwolf.com/episode/solo-bolo/,http://www.reddit.com/r/Earwolf/comments/251990/comedy_bang_bang_285_solo_bolo_edition_w_ben/,73
2014-05-12,"Comedy Bang Bang episode 286 ""Time Bobby 3"" with Bobby Moynihan and Paul F. Tompkins",48,0.94,57,magister0,http://www.earwolf.com/episode/time-bobby-3/,http://www.reddit.com/r/Earwolf/comments/25cbzz/comedy_bang_bang_episode_286_time_bobby_3_with/,245
2014-05-19,Comedy Bang Bang #287 - Stinky Chips w/ Shane Torres &amp; Lauren Lapkus,17,0.86,19,JoseFlanders,http://www.earwolf.com/episode/stinky-chips/,http://www.reddit.com/r/Earwolf/comments/25xjwq/comedy_bang_bang_287_stinky_chips_w_shane_torres/,98
2014-05-22,"CBB #288 - 'Back to Barz, Back to Reality' with the Sklar Brothers and Horatio Sanz",8,0.87,14,JoseFlanders,http://www.earwolf.com/episode/back-to-barz-back-to-reality/,http://www.reddit.com/r/Earwolf/comments/2672n4/cbb_288_back_to_barz_back_to_reality_with_the/,23
2014-05-26,"[Throwback] Comedy Bang Bang # 111 ""Hi, How Are You?"" (Extremely Uncomfortable)",4,0.73,7,PromoMix,http://www.earwolf.com/episode/hi-how-are-you/,http://www.reddit.com/r/Earwolf/comments/26j9eh/throwback_comedy_bang_bang_111_hi_how_are_you/,9
2014-05-26,"Comedy Bang Bang # 289 - ""The Exorcism of Cake Boss"" w/ Paul F. Tompkins &amp; Matt Gourley",39,0.95,44,JoseFlanders,http://www.earwolf.com/episode/the-exorcism-of-cake-boss/,http://www.reddit.com/r/Earwolf/comments/26ia8y/comedy_bang_bang_289_the_exorcism_of_cake_boss_w/,159
2014-06-02,"Comedy Bang Bang #290 - ""Shed Busting"" w/ Todd Glass &amp; James Adomian",20,0.87,20,JoseFlanders,http://www.earwolf.com/episode/shed-busting/,http://www.reddit.com/r/Earwolf/comments/273hf4/comedy_bang_bang_290_shed_busting_w_todd_glass/,146
2014-06-05,"Comedy Bang Bang #291 ""Summer Haunted House"" with Bob Odenkirk, Adam Resnick, Neil Casey and Fran Gillespie",13,0.88,16,magister0,http://www.earwolf.com/episode/summer-haunted-house/,http://www.reddit.com/r/Earwolf/comments/27d4v9/comedy_bang_bang_291_summer_haunted_house_with/,54
2014-06-09,"Comedy Bang Bang #292 ""DJs Are Sleaze Js"" with Jenny Slate, Merrill Garbus and Jon Daly",22,0.87,19,magister0,http://www.earwolf.com/episode/djs-are-sleaze-js/,http://www.reddit.com/r/Earwolf/comments/27oj3j/comedy_bang_bang_292_djs_are_sleaze_js_with_jenny/,41
2014-06-12,"Comedy Bang Bang #293 ""Monster Muscles"" w/ Phil Lord, Chris Miller, Jon Gabrus and Eugene Cordero",21,0.91,23,magister0,http://www.earwolf.com/episode/monster-muscles/,http://www.reddit.com/r/Earwolf/comments/27y6j7/comedy_bang_bang_293_monster_muscles_w_phil_lord/,129
2014-06-16,"Comedy Bang Bang #294 ""Honk Shoo"" w/ Ian Edwards, Brendon Small and Jessica St. Clair",15,0.83,14,magister0,http://www.earwolf.com/episode/honk-shoo/,http://www.reddit.com/r/Earwolf/comments/289h8m/comedy_bang_bang_294_honk_shoo_w_ian_edwards/,64
2014-06-17,CBB Classic: #87 Droppin' Wallets. The whole episode builds up to an amazing song by Engineer Doug that incorporates everything.,12,0.93,19,robotbeard,http://www.earwolf.com/episode/droppin-wallets/,http://www.reddit.com/r/Earwolf/comments/28ca4b/cbb_classic_87_droppin_wallets_the_whole_episode/,22
2014-06-23,"Taking the Bladder Out, episode #296 of Comedy Bang Bang: The Podcast on Earwolf",8,0.93,26,awesomeman462,http://www.earwolf.com/episode/taking-the-bladder-out/,http://www.reddit.com/r/Earwolf/comments/28usk3/taking_the_bladder_out_episode_296_of_comedy_bang/,20
2014-06-30,"Comedy Bang Bang #297 ""Canadian Apparel"" w/ Nathan Fielder, Joe Wengert and James Adomian",24,0.9,27,magister0,http://www.earwolf.com/episode/canadian-apparel/,http://www.reddit.com/r/Earwolf/comments/29gf81/comedy_bang_bang_297_canadian_apparel_w_nathan/,156
2014-07-07,"The Hotwives of Orlando, episode #298 of Comedy Bang Bang: The Podcast on Earwolf",27,0.75,10,awesomeman462,http://www.earwolf.com/episode/hotwives-of-orlando/,http://www.reddit.com/r/Earwolf/comments/2a14c9/the_hotwives_of_orlando_episode_298_of_comedy/,116
2014-07-15,"Don't Hack the SAC, episode #299 of Comedy Bang Bang: The Podcast on Earwolf",34,0.88,27,awesomeman462,http://www.earwolf.com/episode/dont-hack-the-sac/,http://www.reddit.com/r/Earwolf/comments/2aqt6n/dont_hack_the_sac_episode_299_of_comedy_bang_bang/,157
2014-07-21,"Oh, Golly! You Devil, episode #300 of Comedy Bang Bang: The Podcast on Earwolf",69,0.97,72,awesomeman462,http://www.earwolf.com/episode/oh-golly-you-devil/,http://www.reddit.com/r/Earwolf/comments/2b9ys5/oh_golly_you_devil_episode_300_of_comedy_bang/,573
2014-07-28,"Comedy Bang Bang #301 ""They're Twins Jonah!"" w/ Jonah Ray, Kumail Nanjiani, and Brendon Small",41,0.98,36,magister0,http://www.earwolf.com/episode/theyre-twins-jonah/,http://www.reddit.com/r/Earwolf/comments/2bxc81/comedy_bang_bang_301_theyre_twins_jonah_w_jonah/,141
2014-08-04,Comedy Bang Bang #303: 'Puttering Around' with Paul F. Tompkins &amp; Loudon Wainwright III,42,0.91,22,JoseFlanders,http://www.earwolf.com/episode/puttering-around/,http://www.reddit.com/r/Earwolf/comments/2ckmp3/comedy_bang_bang_303_puttering_around_with_paul_f/,174
2014-08-11,"Marissa Wompler's Six Flags Birthday Womptacular, episode #304 of Comedy Bang Bang",54,0.98,64,crudmeal,http://www.earwolf.com/episode/marissa-womplers-six-flags-birthday-womptacular/,http://www.reddit.com/r/Earwolf/comments/2d7qv5/marissa_womplers_six_flags_birthday_womptacular/,395
2014-08-18,"Comedy Bang Bang #305 ""CattleLickItUp"" w/ Howard Kremer, Kulap Vilaysack and Jon Gabrus",64,0.9,37,magister0,http://www.earwolf.com/episode/cattlelickitup/,http://www.reddit.com/r/Earwolf/comments/2dv7tr/comedy_bang_bang_305_cattlelickitup_w_howard/,342
2014-08-21,"Comedy Bang Bang #306 ""Project Funway"" w/ Paul Rust, Harris Wittels and Michael Cassady",33,0.89,36,magister0,http://www.earwolf.com/episode/project-funway/,http://www.reddit.com/r/Earwolf/comments/2e5za0/comedy_bang_bang_306_project_funway_w_paul_rust/,233
2014-08-25,"Comedy Bang Bang #307 ""Ruth's Ross Dress For Loss"" w/ Tenacious D, Lauren Lapkus and Joe Wengert",34,0.95,28,magister0,http://www.earwolf.com/episode/ruths-ross-dress-for-loss/,http://www.reddit.com/r/Earwolf/comments/2eifvh/comedy_bang_bang_307_ruths_ross_dress_for_loss_w/,205
2014-09-01,"Comedy Bang Bang #308 ""Superego: Loose Beginnings, Tight Ends"" w/ Paul F. Tompkins, Jeremy Carter, Matt Gourley, Mark McConville",49,0.87,33,Michael__Pemulis,http://www.earwolf.com/episode/superego-loose-beginnings-tight-ends/,http://www.reddit.com/r/Earwolf/comments/2f5gm6/comedy_bang_bang_308_superego_loose_beginnings/,348
2014-09-08,"Comedy Bang Bang #309 ""Tony Macaroni"" w/ Nick Kroll, Jimmy Pardo, Claudia O'Doherty",50,0.93,32,magister0,http://www.earwolf.com/episode/tony-macaroni/,http://www.reddit.com/r/Earwolf/comments/2fse69/comedy_bang_bang_309_tony_macaroni_w_nick_kroll/,218
2014-09-15,"Little Button Puss, episode #310 of Comedy Bang Bang: The Podcast on Earwolf",43,0.96,39,awesomeman462,http://www.earwolf.com/episode/little-button-puss/,http://www.reddit.com/r/Earwolf/comments/2gg5lt/little_button_puss_episode_310_of_comedy_bang/,243
2014-09-18,"Comedy Bang Bang #311 ""Denny's Boys"" w/ Joe Lo Truglio and Beth Dover",25,0.88,23,magister0,http://www.earwolf.com/episode/dennys-boys/,http://www.reddit.com/r/Earwolf/comments/2gqq7p/comedy_bang_bang_311_dennys_boys_w_joe_lo_truglio/,130
2014-09-22,"Grounded Me@, episode #312 of Comedy Bang Bang: The Podcast on Earwolf",40,0.9,35,TheRocketeer0826,http://www.earwolf.com/episode/grounded-meat/,http://www.reddit.com/r/Earwolf/comments/2h3u6l/grounded_me_episode_312_of_comedy_bang_bang_the/,372
2014-09-29,"Comedy Bang Bang #313 w/ Ben Schwartz, Horatio Sanz, Paul Banks",83,0.97,50,magister0,http://www.earwolf.com/episode/gumbo-challenge/,http://www.reddit.com/r/Earwolf/comments/2hrpd4/comedy_bang_bang_313_w_ben_schwartz_horatio_sanz/,564
2014-10-06,"Comedy Bang Bang #314 ""Y'all Heard Any of These Names Before?"" w/ Cameron Esposito and Paul F. Tompkins",71,0.97,50,magister0,http://www.earwolf.com/episode/yall-heard-any-of-these-names-before/,http://www.reddit.com/r/Earwolf/comments/2ifere/comedy_bang_bang_314_yall_heard_any_of_these/,461
2014-10-13,"Comedy Bang Bang #315 ""Sandwich Therapy"" w/ Ken Marino, Casey Wilson, Joe Wengert",34,0.92,38,magister0,http://www.earwolf.com/episode/sandwich-therapy/,http://www.reddit.com/r/Earwolf/comments/2j3jpa/comedy_bang_bang_315_sandwich_therapy_w_ken/,203
2014-10-16,"Comedy Bang Bang #316 ""In the Larp Run"" w/ Dane Cook, Reggie Watts and Neil Campbell",105,0.93,33,magister0,http://www.earwolf.com/episode/in-the-larp-run/,http://www.reddit.com/r/Earwolf/comments/2jebzn/comedy_bang_bang_316_in_the_larp_run_w_dane_cook/,385
2014-10-20,"Comedy Bang Bang #317 ""Tash.2"" w/ Natasha Lyonne, Paul F. Tompkins, &amp; Mary Holland",53,0.96,30,JoseFlanders,http://www.earwolf.com/episode/tash-2/,http://www.reddit.com/r/Earwolf/comments/2jrnfz/comedy_bang_bang_317_tash2_w_natasha_lyonne_paul/,262
2014-10-27,CBB 318 - Lumber Hack,36,0.95,27,Bill-Cosby-Bukowski,http://www.earwolf.com/episode/lumber-hack/,http://www.reddit.com/r/Earwolf/comments/2kg09l/cbb_318_lumber_hack/,308
2014-10-30,"Comedy Bang Bang #319 ""Return to Suicide House Part Gore"" w/ Brett Gelman, Jon Daly, Allan McLeod, Nick Wiger, and Caroline Anderson",45,0.95,73,magister0,http://www.earwolf.com/episode/return-to-suicide-house-part-gore/,http://www.reddit.com/r/Earwolf/comments/2krfql/comedy_bang_bang_319_return_to_suicide_house_part/,390
2014-11-03,"Comedy Bang Bang #320 ""Charging Kids"" w/ Alex Borstein, Brendon Small, Molly Bretthauer",45,0.92,27,magister0,http://www.earwolf.com/episode/charging-kids/,http://www.reddit.com/r/Earwolf/comments/2l54as/comedy_bang_bang_320_charging_kids_w_alex/,279
2014-11-10,"Comedy Bang Bang #321 ""Big Fat Voice"" w/ Ana Gasteyer, Jon Gabrus and Mookie Blaiklock",29,0.92,24,magister0,http://www.earwolf.com/episode/big-fat-voice/,http://www.reddit.com/r/Earwolf/comments/2ludjt/comedy_bang_bang_321_big_fat_voice_w_ana_gasteyer/,222
2014-11-17,"Comedy Bang Bang #322 ""YouTube Phenomahna"" w/ Chelsea Peretti and Seth Morris",35,0.91,31,magister0,http://earwolf.com/episode/youtube-phenomana/,http://www.reddit.com/r/Earwolf/comments/2mjltv/comedy_bang_bang_322_youtube_phenomahna_w_chelsea/,222
2014-11-24,"Comedy Bang! Bang! #323 ""Pie Quiz with Tears for Fears"" with Reggie Watts, Paul F. Tompkins and Tears for Fears",72,0.95,57,aqlpswkodejifrhugty,http://www.earwolf.com/episode/pie-quiz-with-tears-for-fears/,http://www.reddit.com/r/Earwolf/comments/2n9743/comedy_bang_bang_323_pie_quiz_with_tears_for/,579
2014-12-01,"Comedy Bang Bang #324 ""Golden Duchess Cruise Lines"" w/ Colin Hanks &amp; Wild Horses",48,1,35,Bill-Cosby-Bukowski,http://www.earwolf.com/episode/golden-duchess-cruise-lines/,http://www.reddit.com/r/Earwolf/comments/2nx9ab/comedy_bang_bang_324_golden_duchess_cruise_lines/,450
2014-12-08,"Comedy Bang Bang #325 ""Musical Organs"" w/ Skylar Astin, Rory Scovel, Pamela Murphy, Will Hinese",45,0.88,26,magister0,http://www.earwolf.com/episode/musical-organs/,http://www.reddit.com/r/Earwolf/comments/2omx8o/comedy_bang_bang_325_musical_organs_w_skylar/,192
2014-12-15,"Comedy Bang Bang # 326 ""2014 Holiday Spectacular"" w/ PFT, Matt Gourley, James Adomian, Lauren Lapkus, Matt Besser, Neil Cambell, Brendon Small, Ted Leo &amp; Aimee Mann",76,0.98,90,Bill-Cosby-Bukowski,http://www.earwolf.com/episode/2014-holiday-spectacular/,http://www.reddit.com/r/Earwolf/comments/2pccbl/comedy_bang_bang_326_2014_holiday_spectacular_w/,881
2014-12-22,Comedy Bang Bang - Best of 2014 Pt 1 (w/ Paul F. Tompkins),117,0.98,77,JoseFlanders,http://www.earwolf.com/episode/best-of-2014-pt-1/,http://www.reddit.com/r/Earwolf/comments/2q21pl/comedy_bang_bang_best_of_2014_pt_1_w_paul_f/,1244
2014-12-25,Comedy Bang Bang - Best of 2014 Pt 2,41,0.95,48,JoseFlanders,http://www.earwolf.com/episode/best-of-2014-pt-2/,http://www.reddit.com/r/Earwolf/comments/2qclla/comedy_bang_bang_best_of_2014_pt_2/,336
2014-12-29,"Comedy Bang Bang: Best of 2014, part 3 w/ Paul F. Tompkins",47,0.93,41,magister0,http://www.earwolf.com/episode/best-of-2014-pt-3/,http://www.reddit.com/r/Earwolf/comments/2qp1yw/comedy_bang_bang_best_of_2014_part_3_w_paul_f/,411
2015-01-01,Comedy Bang Bang - Best of 2014 Pt 4,20,0.98,51,JoseFlanders,http://www.earwolf.com/episode/best-of-2014-pt-4/,http://www.reddit.com/r/Earwolf/comments/2qzsfe/comedy_bang_bang_best_of_2014_pt_4/,178
2015-01-05,"Bang! Bang! Into Your Mouth!, episode #327 of Comedy Bang Bang: The Podcast on Earwolf",69,0.97,63,awesomeman462,http://www.earwolf.com/episode/bang-bang-into-your-mouth/,http://www.reddit.com/r/Earwolf/comments/2rdu99/bang_bang_into_your_mouth_episode_327_of_comedy/,428
2015-01-08,"Comedy Bang Bang #328 ""Beatle Heaven"" w/ Anders Holm, Mike Hanford, and American Football",49,0.94,38,magister0,http://www.earwolf.com/episode/beatle-heaven/,http://www.reddit.com/r/Earwolf/comments/2rqiae/comedy_bang_bang_328_beatle_heaven_w_anders_holm/,385
2015-01-12,"Comedy Bang Bang #329 ""Too Much Tuna Tour"" w/ Nick Kroll and John Mulaney",57,0.95,52,magister0,http://www.earwolf.com/episode/too-much-tuna-tour/,http://www.reddit.com/r/Earwolf/comments/2s5akw/comedy_bang_bang_329_too_much_tuna_tour_w_nick/,328
2015-01-19,"Comedy Bang Bang #330 ""Peruvian Pullovers"" w/ Jim Rash and Horatio Sanz",59,0.9,32,Bill-Cosby-Bukowski,http://www.earwolf.com/episode/peruvian-pullovers/,http://www.reddit.com/r/Earwolf/comments/2sx14s/comedy_bang_bang_330_peruvian_pullovers_w_jim/,327
2015-01-26,"Comedy Bang! Bang! 331 - Patton Oswalt, Benjamin Sussix III (Lapkus), and Trabitha Tarteen (Holland)",51,0.99,57,ParappaTheRaptor,http://www.earwolf.com/episode/secret-superlatives/,http://www.reddit.com/r/Earwolf/comments/2tpepe/comedy_bang_bang_331_patton_oswalt_benjamin/,491
2015-02-02,"Comedy Bang Bang #332 - ""What Winsome Said"" w/ Kyle Kinane, Matt Braunger, Fran Gillespie, and Neil Campbell",26,0.93,28,JoseFlanders,http://www.earwolf.com/episode/what-winsome-said/,http://www.reddit.com/r/Earwolf/comments/2ui01j/comedy_bang_bang_332_what_winsome_said_w_kyle/,181
2015-02-09,"Pit Stop Episode #333 of Comedy Bang Bang W/ Jack Antonoff, Horatio Sanz, Miriam Tolan",62,0.97,21,lfshammu,http://www.earwolf.com/episode/pit-stop/,http://www.reddit.com/r/Earwolf/comments/2va5t8/pit_stop_episode_333_of_comedy_bang_bang_w_jack/,416
2015-02-12,"Comedy Bang Bang #334 - ""The Dream Team"" with David Cross, James Adomian, &amp; Matt Walsh",45,0.94,41,JoseFlanders,http://www.earwolf.com/episode/the-dream-team/,http://www.reddit.com/r/Earwolf/comments/2vn00h/comedy_bang_bang_334_the_dream_team_with_david/,293
2015-02-16,"The Wedding of Gilli and Garry, Episode #335 of Comedy Bang Bang",74,1,83,lfshammu,http://www.earwolf.com/episode/the-wedding-of-gilli-and-garry/,http://www.reddit.com/r/Earwolf/comments/2w23wi/the_wedding_of_gilli_and_garry_episode_335_of/,701
2015-02-23,"NOT Farts and Procreation 4, episode #336 of Comedy Bang Bang: The Podcast on Earwolf",114,1,178,summahdaze,http://www.earwolf.com/episode/not-farts-procreation-4/,http://www.reddit.com/r/Earwolf/comments/2wuoku/not_farts_and_procreation_4_episode_336_of_comedy/,2072
2015-03-02,"The Ying and the Yankovic, episode #337 of Comedy Bang Bang With ""Weird Al"" Yankovic, Paul F. Tompkins, and Joe Wengert",53,0.92,47,lfshammu,http://www.earwolf.com/episode/the-ying-and-the-yankovic/,http://www.reddit.com/r/Earwolf/comments/2xnfkx/the_ying_and_the_yankovic_episode_337_of_comedy/,392
2015-03-09,"Be My Guest, Literally!, episode #338 of Comedy Bang Bang: The Podcast on Earwolf",143,0.99,111,lfshammu,http://www.earwolf.com/episode/be-my-guest-literally/,http://www.reddit.com/r/Earwolf/comments/2yf72i/be_my_guest_literally_episode_338_of_comedy_bang/,2073
2015-03-16,Comedy Bang! Bang! #339 - Live from SXSW 2015.,103,1,39,oshoney,http://www.earwolf.com/episode/live-from-sxsw-2015/,http://www.reddit.com/r/Earwolf/comments/2z7kyy/comedy_bang_bang_339_live_from_sxsw_2015/,593
2015-03-19,Comedy Bang! Bang! B-B-B-BONUS episode! #340 - Live from SXSW Part II,44,0.94,41,beisbol_por_siempre,http://www.earwolf.com/episode/live-from-sxsw-2015-ii/,http://www.reddit.com/r/Earwolf/comments/2zkfnx/comedy_bang_bang_bbbbonus_episode_340_live_from/,254
2015-03-23,"Banging the Table with Stars, episode #341 of Comedy Bang Bang: The Podcast on Earwolf",87,0.98,47,sevillianrites,http://www.earwolf.com/episode/banging-the-table-with-stars/,http://www.reddit.com/r/Earwolf/comments/2zzmng/banging_the_table_with_stars_episode_341_of/,786
2015-03-30,"A Silicon Valley P-Cast, episode #342 of Comedy Bang Bang: The Podcast on Earwolf",80,0.99,66,sevillianrites,http://www.earwolf.com/episode/a-silicon-valley-p-cast/,http://www.reddit.com/r/Earwolf/comments/30s8sz/a_silicon_valley_pcast_episode_342_of_comedy_bang/,759
2015-04-06,"Athlete's Head, episode #343 of Comedy Bang Bang: The Podcast on Earwolf",65,0.95,55,PragmaticCoconut,http://www.earwolf.com/episode/athletes-head/,http://www.reddit.com/r/Earwolf/comments/31m72f/athletes_head_episode_343_of_comedy_bang_bang_the/,440
2015-04-09,"Classic Switcheroo, episode #344 of Comedy Bang Bang: The Podcast on Earwolf (The Return of Bitsy Boo-Carmichael!!!!)",47,1,38,JasonGrayson,http://www.earwolf.com/episode/classic-switcheroo/,http://www.reddit.com/r/Earwolf/comments/31z1v6/classic_switcheroo_episode_344_of_comedy_bang/,391
2015-04-13,"Shifting Bouncy, episode #345 of Comedy Bang Bang: The Podcast on Earwolf",24,0.94,31,JasonGrayson,http://www.earwolf.com/episode/shifting-bouncy/,http://www.reddit.com/r/Earwolf/comments/32f2ab/shifting_bouncy_episode_345_of_comedy_bang_bang/,125
2015-04-20,"That Is Wild, episode #346 of Comedy Bang Bang: The Podcast on Earwolf",71,0.98,36,JasonGrayson,http://www.earwolf.com/episode/that-is-wild/,http://www.reddit.com/r/Earwolf/comments/337p17/that_is_wild_episode_346_of_comedy_bang_bang_the/,482
2015-04-23,"BBBBONUSSSSSSS - Foley Slumber Party, episode #347 of Comedy Bang Bang: The Podcast on Earwolf",66,0.97,27,JasonGrayson,http://www.earwolf.com/episode/foley-slumber-party/,http://www.reddit.com/r/Earwolf/comments/33kq86/bbbbonusssssss_foley_slumber_party_episode_347_of/,476
2015-04-27,"Is Y'all My Daddy?, episode #348 of Comedy Bang Bang: The Podcast on Earwolf",70,0.94,50,sevillianrites,http://www.earwolf.com/episode/is-yall-my-daddy/,http://www.reddit.com/r/Earwolf/comments/3408cn/is_yall_my_daddy_episode_348_of_comedy_bang_bang/,362
2015-05-04,"The 6th Anniversary Show!, episode #349 of Comedy Bang Bang: The Podcast on Earwolf",155,0.98,131,sevillianrites,http://www.earwolf.com/episode/the-6th-anniversary-show/,http://www.reddit.com/r/Earwolf/comments/34sxod/the_6th_anniversary_show_episode_349_of_comedy/,1929
2015-05-11,"Helmets, Aqueduct, Crucifixion, and Boobs, episode #350 of Comedy Bang Bang: The Podcast on Earwolf",62,0.93,47,sevillianrites,http://www.earwolf.com/episode/helmets-aqueduct-crucifixion-boobs/,http://www.reddit.com/r/Earwolf/comments/35kmxy/helmets_aqueduct_crucifixion_and_boobs_episode/,532
2015-05-18,"CBB: The Movie, episode #351 of Comedy Bang Bang: The Podcast on Earwolf with SEAN AND HAYES!!!!!",137,0.95,154,JasonGrayson,http://www.earwolf.com/episode/cbb-the-movie/,http://www.reddit.com/r/Earwolf/comments/36cg4t/cbb_the_movie_episode_351_of_comedy_bang_bang_the/,1911
2015-06-01,"Goodbye Reggie!, episode #353 of Comedy Bang Bang: The Podcast on Earwolf",55,0.95,61,sevillianrites,http://www.earwolf.com/episode/goodbye-reggie/,http://www.reddit.com/r/Earwolf/comments/381zx5/goodbye_reggie_episode_353_of_comedy_bang_bang/,706
2015-06-04,"Solo Bolo: Dos Lo, episode #354 of Comedy Bang Bang: The Podcast",95,0.98,101,AdmEnderDelphiki,http://www.earwolf.com/episode/solo-bolo-dos-lo/,http://www.reddit.com/r/Earwolf/comments/38hm0w/solo_bolo_dos_lo_episode_354_of_comedy_bang_bang/,899
2015-06-08,"Kid Detectives, episode #355 of Comedy Bang Bang: The Podcast on Earwolf",83,0.99,118,sevillianrites,http://www.earwolf.com/episode/kid-detectives/,http://www.reddit.com/r/Earwolf/comments/3903kk/kid_detectives_episode_355_of_comedy_bang_bang/,1190
2015-06-11,Another Classic (And Perhaps Overlooked?) Earwolf episode! CBB Epiosde #247 : Half A Score with Tim Meadows and Horatio Sanz as Chico Davis,16,0.96,37,TomLeykis101,http://www.earwolf.com/episode/half-a-score/,http://www.reddit.com/r/Earwolf/comments/39g68i/another_classic_and_perhaps_overlooked_earwolf/,58
2015-06-15,"Comedy Bang! Bang! #356 ""Heynong Man"" with Jason Mantzoukas and Paul F. Tompkins",97,0.98,114,beisbol_por_siempre,http://www.earwolf.com/episode/heynong-man/,http://www.reddit.com/r/Earwolf/comments/39wfpz/comedy_bang_bang_356_heynong_man_with_jason/,1300
2015-06-22,"Modern Anti-Comedy, episode #357 of Comedy Bang Bang: The Podcast on Earwolf",72,0.95,38,sevillianrites,http://www.earwolf.com/episode/modern-anti-comedy/,http://www.reddit.com/r/Earwolf/comments/3aovd7/modern_anticomedy_episode_357_of_comedy_bang_bang/,472
2015-06-25,"Freddie Mercury To Me, episode #358 of Comedy Bang Bang: The Podcast on Earwolf",37,0.97,37,sevillianrites,http://www.earwolf.com/episode/freddie-mercury-to-me/,http://www.reddit.com/r/Earwolf/comments/3b1r7c/freddie_mercury_to_me_episode_358_of_comedy_bang/,321
2015-06-29,"TofuPeople, episode #359 of Comedy Bang Bang: The Podcast on Earwolf",41,0.92,30,sevillianrites,http://www.earwolf.com/episode/tofupeople/,http://www.reddit.com/r/Earwolf/comments/3bhmse/tofupeople_episode_359_of_comedy_bang_bang_the/,341
2015-07-06,"Snow Dome, episode #360 of Comedy Bang Bang: The Podcast on Earwolf",48,0.96,38,awesomeman462,http://www.earwolf.com/episode/snow-dome/,http://www.reddit.com/r/Earwolf/comments/3ca0kl/snow_dome_episode_360_of_comedy_bang_bang_the/,452
2015-07-09,"Waiting for Infinnerty, episode #361 of Comedy Bang Bang: The Podcast on Earwolf",50,1,45,JasonGrayson,http://www.earwolf.com/episode/waiting-for-infinnerty/,http://www.reddit.com/r/Earwolf/comments/3cnlnr/waiting_for_infinnerty_episode_361_of_comedy_bang/,345
2015-07-13,"RomanTig, episode #362 of Comedy Bang Bang: The Podcast on Earwolf",64,0.92,51,JasonGrayson,http://www.earwolf.com/episode/romantig/,http://www.reddit.com/r/Earwolf/comments/3d3o9i/romantig_episode_362_of_comedy_bang_bang_the/,667
2015-07-20,"Wet Hot Crew, episode #363 of Comedy Bang Bang: The Podcast on Earwolf",66,0.97,57,sevillianrites,http://www.earwolf.com/episode/wet-hot-crew/,http://www.reddit.com/r/Earwolf/comments/3dx5u6/wet_hot_crew_episode_363_of_comedy_bang_bang_the/,666
2015-07-23,"Comedy Bang! Bang! B-B-BONUS EPISODE! #364- ""The Marm of Smarm Returns"" with Michael Ian Black and Lauren Lapkus",41,0.97,53,beisbol_por_siempre,http://www.earwolf.com/episode/the-marm-of-smarm-returns/,http://www.reddit.com/r/Earwolf/comments/3eb0mc/comedy_bang_bang_bbbonus_episode_364_the_marm_of/,400
2015-07-27,"Bongo vs. Bongos, episode #365 of Comedy Bang Bang: The Podcast on Earwolf",101,0.97,94,sevillianrites,http://www.earwolf.com/episode/bongo-vs-bongos/,http://www.reddit.com/r/Earwolf/comments/3eqwlq/bongo_vs_bongos_episode_365_of_comedy_bang_bang/,955
2015-08-03,"Cafeteriapalooza, episode #366 of Comedy Bang Bang: The Podcast on Earwolf",76,0.97,51,JasonGrayson,http://www.earwolf.com/episode/cafeteriapalooza/,http://www.reddit.com/r/Earwolf/comments/3flfbs/cafeteriapalooza_episode_366_of_comedy_bang_bang/,501
2015-08-06,"Bits, Riffs, and Friendships, episode #367 of Comedy Bang Bang: The Podcast on Earwolf",72,0.98,93,GiantDeviantPiano,http://www.earwolf.com/episode/bits-riffs-and-friendships/,http://www.reddit.com/r/Earwolf/comments/3fzkfz/bits_riffs_and_friendships_episode_367_of_comedy/,735
2015-08-13,Comedy Bang Bang #369 (The Hotwives of Las Vegas),15,0.94,33,GiantDeviantPiano,http://www.earwolf.com/episode/the-hotwives-of-las-vegas/,http://www.reddit.com/r/Earwolf/comments/3gtscb/comedy_bang_bang_369_the_hotwives_of_las_vegas/,122
2015-08-17,"The Brochelor, episode #370 of Comedy Bang Bang: The Podcast on Earwolf",76,0.92,40,sevillianrites,http://www.earwolf.com/episode/the-brochelor/,http://www.reddit.com/r/Earwolf/comments/3haewe/the_brochelor_episode_370_of_comedy_bang_bang_the/,438
2015-08-24,"You Got PreDICted!, episode #371 of Comedy Bang Bang: The Podcast on Earwolf",90,0.91,44,FeaturingPitbull,http://www.earwolf.com/episode/you-got-predicted/,http://www.reddit.com/r/Earwolf/comments/3i6bxr/you_got_predicted_episode_371_of_comedy_bang_bang/,566
2015-08-31,"Motown Tea, episode #372 of Comedy Bang Bang: The Podcast on Earwolf",49,0.95,39,FeaturingPitbull,http://www.earwolf.com/episode/motown-tea/,http://www.reddit.com/r/Earwolf/comments/3j22oq/motown_tea_episode_372_of_comedy_bang_bang_the/,414
2015-09-07,"Vocal Fry, episode #373 of Comedy Bang Bang: The Podcast on Earwolf",55,0.95,52,sevillianrites,http://www.earwolf.com/episode/vocal-fry/,http://www.reddit.com/r/Earwolf/comments/3jy46o/vocal_fry_episode_373_of_comedy_bang_bang_the/,483
2015-09-10,"Tick Tock Clawk, episode #374 of Comedy Bang Bang: The Podcast on Earwolf",65,0.99,85,FeaturingPitbull,http://www.earwolf.com/episode/tick-tock/,http://www.reddit.com/r/Earwolf/comments/3kd8me/tick_tock_clawk_episode_374_of_comedy_bang_bang/,525
2015-09-14,Comedy Bang! Bang! #375: Womplers REAL 17th B-Day Womptacular,87,0.97,113,Antonton,http://www.earwolf.com/episode/womptacular-2015/,http://www.reddit.com/r/Earwolf/comments/3kvr2f/comedy_bang_bang_375_womplers_real_17th_bday/,751
2015-09-17,"Romantic Tommy D, episode #376 of Comedy Bang Bang: The Podcast on Earwolf",65,0.96,68,jononyx,http://www.earwolf.com/episode/romantic-tommy-d/,http://www.reddit.com/r/Earwolf/comments/3l9z1s/romantic_tommy_d_episode_376_of_comedy_bang_bang/,705
2015-09-21,"Good Night In The Morning, episode #377 of Comedy Bang Bang: The Podcast on Earwolf",123,0.97,124,ET_No_Homo,http://www.earwolf.com/episode/good-night-in-the-morning/,http://www.reddit.com/r/Earwolf/comments/3ls1p1/good_night_in_the_morning_episode_377_of_comedy/,2122
2015-09-28,"Mailer Daemon, episode #378 of Comedy Bang Bang: The Podcast on Earwolf",129,0.97,104,JasonGrayson,http://www.earwolf.com/episode/mailer-daemon/,http://www.reddit.com/r/Earwolf/comments/3mo82d/mailer_daemon_episode_378_of_comedy_bang_bang_the/,1185
2015-10-05,"Realies and Fictionals, episode #379 of Comedy Bang Bang: The Podcast on Earwolf",34,0.97,71,reb_mccuster,http://www.earwolf.com/episode/realies-and-fictionals/,http://www.reddit.com/r/Earwolf/comments/3njrb4/realies_and_fictionals_episode_379_of_comedy_bang/,408
2015-10-08,"A Colinary Journey, episode #380 of Comedy Bang Bang: The Podcast on Earwolf",88,0.96,41,awesomeman462,http://www.earwolf.com/episode/colinary-journey/,http://www.reddit.com/r/Earwolf/comments/3nxzp6/a_colinary_journey_episode_380_of_comedy_bang/,519
2015-10-12,"Kitchen Stand-Up, episode #381 of Comedy Bang Bang: The Podcast on Earwolf",66,0.96,55,sevillianrites,http://www.earwolf.com/episode/kitchen-stand-up/,http://www.reddit.com/r/Earwolf/comments/3ofbg7/kitchen_standup_episode_381_of_comedy_bang_bang/,764
2015-10-26,"Return to Suicide House Part Boo, episode #383 of Comedy Bang Bang: The Podcast on Earwolf",97,0.97,81,sevillianrites,http://www.earwolf.com/episode/suicide-house-part-boo/,http://www.reddit.com/r/Earwolf/comments/3q92me/return_to_suicide_house_part_boo_episode_383_of/,938
2015-11-02,"Numbers Cannot Lie, episode #384 of Comedy Bang Bang: The Podcast on Earwolf",88,0.99,80,sevillianrites,http://www.earwolf.com/episode/numbers-cannot-lie/,http://www.reddit.com/r/Earwolf/comments/3r6sl1/numbers_cannot_lie_episode_384_of_comedy_bang/,688
2015-11-09,"The Beatles of Cults (John Mulaney; Lauren Lapkus; Betsy Sodaro), episode #385 of Comedy Bang Bang: The Podcast on Earwolf",48,0.98,68,Pinacho,http://www.earwolf.com/episode/the-beatles-of-cults/,http://www.reddit.com/r/Earwolf/comments/3s40fu/the_beatles_of_cults_john_mulaney_lauren_lapkus/,479
2015-11-16,"Titbit for Tatbit, episode #386 of Comedy Bang Bang: The Podcast on Earwolf",83,1,58,sevillianrites,http://www.earwolf.com/episode/titbit-for-tatbit/,http://www.reddit.com/r/Earwolf/comments/3szz98/titbit_for_tatbit_episode_386_of_comedy_bang_bang/,670
2015-11-19,"Most Multiple Personalities, episode #387 of Comedy Bang Bang: The Podcast on Earwolf",57,0.99,69,sevillianrites,http://www.earwolf.com/episode/most-multiple-personalities/,http://www.reddit.com/r/Earwolf/comments/3tet0g/most_multiple_personalities_episode_387_of_comedy/,695
2015-11-23,"Breath Before Death, episode #388 of Comedy Bang Bang: The Podcast on Earwolf",56,0.98,52,sevillianrites,http://www.earwolf.com/episode/breath-before-death/,http://www.reddit.com/r/Earwolf/comments/3tx7fu/breath_before_death_episode_388_of_comedy_bang/,598
2015-11-30,"Travel Agent-Si!, episode #389 of Comedy Bang Bang: The Podcast on Earwolf",28,1,51,sevillianrites,http://www.earwolf.com/episode/travel-agent-si/,http://www.reddit.com/r/Earwolf/comments/3uttf6/travel_agentsi_episode_389_of_comedy_bang_bang/,282
2015-12-07,"The Oh, Hello Show, episode #390 of Comedy Bang Bang: The Podcast on Earwolf",80,0.99,89,FeaturingPitbull,http://www.earwolf.com/episode/the-oh-hello-show/,http://www.reddit.com/r/Earwolf/comments/3vrndl/the_oh_hello_show_episode_390_of_comedy_bang_bang/,677
2015-12-14,"2015 Holiday Spectacular, episode #391 of Comedy Bang Bang: The Podcast on Earwolf",103,0.99,148,sevillianrites,http://www.earwolf.com/episode/2015-holiday-spectacular/,http://www.reddit.com/r/Earwolf/comments/3wrehy/2015_holiday_spectacular_episode_391_of_comedy/,1143
2015-12-21,"Best of 2015 Pt. 1, episode #BO2105.1 of Comedy Bang Bang: The Podcast on Earwolf",97,0.97,108,sevillianrites,http://www.earwolf.com/episode/best-of-2015-pt-1/,http://www.reddit.com/r/Earwolf/comments/3xohtw/best_of_2015_pt_1_episode_bo21051_of_comedy_bang/,1158
2015-12-24,"Best of 2015 Pt. 2, episode #BO2015.2 of Comedy Bang Bang: The Podcast on Earwolf",85,0.99,76,sevillianrites,http://www.earwolf.com/episode/best-of-2015-pt-2/,http://www.reddit.com/r/Earwolf/comments/3y2bm5/best_of_2015_pt_2_episode_bo20152_of_comedy_bang/,1186
2016-01-04,"Peanuts Awareness, episode #393 of Comedy Bang Bang: The Podcast on Earwolf",116,0.98,78,FeaturingPitbull,http://www.earwolf.com/episode/peanuts-awareness,http://www.reddit.com/r/Earwolf/comments/3zdwvr/peanuts_awareness_episode_393_of_comedy_bang_bang/,1070
2016-01-11,"Wisconsin Sugar Babies, episode #394 of Comedy Bang Bang: The Podcast on Earwolf",167,0.99,86,FeaturingPitbull,http://www.earwolf.com/episode/wisconsin-sugar-babies/,http://www.reddit.com/r/Earwolf/comments/40fto7/wisconsin_sugar_babies_episode_394_of_comedy_bang/,1536
2016-01-18,"Yupparently, episode #395 of Comedy Bang Bang: The Podcast on Earwolf",112,0.98,51,sevillianrites,http://www.earwolf.com/episode/yupparently/,http://www.reddit.com/r/Earwolf/comments/41i11m/yupparently_episode_395_of_comedy_bang_bang_the/,1033
2016-01-19,Yesterday's CBB's weird tension reminded me of this ep. Go to 1 hr and 13 min. and wait for everyone to get angry at Brett Gelman.,31,0.4,0,AlteredEgo1,http://www.earwolf.com/episode/thats-one-way-of-doing-it/,http://www.reddit.com/r/Earwolf/comments/41re2p/yesterdays_cbbs_weird_tension_reminded_me_of_this/,261
2016-01-21,"The Intern Challenge, episode #396 of Comedy Bang Bang: The Podcast on Earwolf",179,1,136,ectomimedbison,http://www.earwolf.com/episode/the-intern-challenge/,http://www.reddit.com/r/Earwolf/comments/41z1g3/the_intern_challenge_episode_396_of_comedy_bang/,2080
2016-01-25,"COMEDY BANG BANG #397 - My Silly Moss Man (Weird Al, Lapkus, Wengert) on Earwolf",105,0.99,88,upupandbelow,http://www.earwolf.com/episode/my-silly-moss-man/,http://www.reddit.com/r/Earwolf/comments/42kvqi/comedy_bang_bang_397_my_silly_moss_man_weird_al/,1078
2016-02-01,"Prayer Orgy, episode #398 of Comedy Bang Bang: The Podcast on Earwolf",51,0.98,54,sevillianrites,http://www.earwolf.com/episode/prayer-orgy/,http://www.reddit.com/r/Earwolf/comments/43njpc/prayer_orgy_episode_398_of_comedy_bang_bang_the/,446
2016-02-04,"Trump vs. Bernie, episode #399 of Comedy Bang Bang: The Podcast on Earwolf",153,0.99,130,sevillianrites,http://www.earwolf.com/episode/trump-vs-bernie/,http://www.reddit.com/r/Earwolf/comments/444jl5/trump_vs_bernie_episode_399_of_comedy_bang_bang/,1584
2016-02-08,"Comedy Bang! Bang! Episode 400: The War on Surfing (Jason Mantzoukas, Andy Daly)",132,0.99,157,Antonton,http://www.earwolf.com/episode/the-war-on-surfing/,http://www.reddit.com/r/Earwolf/comments/44q0pa/comedy_bang_bang_episode_400_the_war_on_surfing/,988
2016-02-15,"LOVE Is Thicker Than Water, episode #401 of Comedy Bang Bang: The Podcast on Earwolf",132,0.99,124,FeaturingPitbull,http://www.earwolf.com/episode/love-is-thicker-than-water,http://www.reddit.com/r/Earwolf/comments/45vha0/love_is_thicker_than_water_episode_401_of_comedy/,1792
2016-02-18,"Solo Bolo Trolo, episode #402 of Comedy Bang Bang: The Podcast on Earwolf",118,0.99,146,FeaturingPitbull,http://www.earwolf.com/episode/solo-bolo-trolo/,http://www.reddit.com/r/Earwolf/comments/46dqnp/solo_bolo_trolo_episode_402_of_comedy_bang_bang/,1461
2016-02-22,"This Ain't Now, This is Then, episode #403 of Comedy Bang Bang: The Podcast on Earwolf",102,0.97,100,Ruive05,http://www.earwolf.com/episode/this-aint-now-this-is-then/,http://www.reddit.com/r/Earwolf/comments/46zvjy/this_aint_now_this_is_then_episode_403_of_comedy/,1600
2016-02-25,PSA: Go Back &amp; Listen to CBB #52 Again,28,0.95,46,heynongmen,http://www.earwolf.com/episode/introducing-the-japan-dogs/,http://www.reddit.com/r/Earwolf/comments/47g8yy/psa_go_back_listen_to_cbb_52_again/,187
2016-02-29,"The Timeys Leap Year Celebration, episode #404 of Comedy Bang Bang: The Podcast on Earwolf",123,1,139,Ruive05,http://www.earwolf.com/episode/the-timeys-leap-year-celebration/,http://www.reddit.com/r/Earwolf/comments/4896ir/the_timeys_leap_year_celebration_episode_404_of/,1132
2016-03-07,"Kid Detectives II, episode #406 of Comedy Bang Bang: The Podcast on Earwolf",115,0.98,226,Ruive05,http://www.earwolf.com/episode/kid-detectives-ii/,http://www.reddit.com/r/Earwolf/comments/49bnwk/kid_detectives_ii_episode_406_of_comedy_bang_bang/,1464
2016-03-14,"Shut the Fuck Door!, episode #407 of Comedy Bang Bang: The Podcast on Earwolf",101,0.98,91,9620554,http://www.earwolf.com/episode/shut-the-fuck-door/,http://www.reddit.com/r/Earwolf/comments/4ac4kx/shut_the_fuck_door_episode_407_of_comedy_bang/,958
2016-03-17,"LIVE at SXSW 2016, episode #408 of Comedy Bang Bang: The Podcast on Earwolf",74,0.97,86,9620554,http://earwolf.com/episode/live-at-sxsw-2016/,http://www.reddit.com/r/Earwolf/comments/4arx98/live_at_sxsw_2016_episode_408_of_comedy_bang_bang/,806
2016-03-21,"Man Brats, episode #409 of Comedy Bang Bang: The Podcast on Earwolf",87,0.98,70,9620554,http://earwolf.com/episode/man-brats/,http://www.reddit.com/r/Earwolf/comments/4bbbeu/man_brats_episode_409_of_comedy_bang_bang_the/,801
2016-03-28,"You Know John Leguizamo, episode #410 of Comedy Bang Bang: The Podcast on Earwolf",62,0.97,66,9620554,http://www.earwolf.com/episode/you-know-john-leguizamo/,http://www.reddit.com/r/Earwolf/comments/4c970y/you_know_john_leguizamo_episode_410_of_comedy/,621
2016-04-14,"The Longest Pig Pile, episode #415 of Comedy Bang Bang: The Podcast on Earwolf",70,0.99,66,jalalienation,http://www.earwolf.com/episode/the-longest-pig-pile/,http://www.reddit.com/r/Earwolf/comments/4eq0sz/the_longest_pig_pile_episode_415_of_comedy_bang/,845
2016-04-18,"Silicone Bralley Poo Crew, episode #416 of Comedy Bang Bang: The Podcast on Earwolf",140,0.99,142,JurassicParked,http://www.earwolf.com/episode/silicone-bralley-poo-crew/,http://www.reddit.com/r/Earwolf/comments/4faogp/silicone_bralley_poo_crew_episode_416_of_comedy/,2084
2016-04-25,"The 3 Year Diet, episode #417 of Comedy Bang Bang: The Podcast on Earwolf",76,0.98,50,jalalienation,http://www.earwolf.com/episode/the-3-year-diet/,http://www.reddit.com/r/Earwolf/comments/4gcb7j/the_3_year_diet_episode_417_of_comedy_bang_bang/,745
2016-04-28,"Paul Reiser and The Apple Tree, episode #418 of Comedy Bang Bang: The Podcast on Earwolf",102,0.98,94,sevillianrites,http://www.earwolf.com/episode/paul-reiser-apple-tree/,http://www.reddit.com/r/Earwolf/comments/4gswfd/paul_reiser_and_the_apple_tree_episode_418_of/,858
2016-05-02,"The 7th Anniversary Show!, episode #419 of Comedy Bang Bang: The Podcast on Earwolf",205,0.99,143,FeaturingPitbull,http://www.earwolf.com/episode/the-7th-anniversary-show/,http://www.reddit.com/r/Earwolf/comments/4hf4ry/the_7th_anniversary_show_episode_419_of_comedy/,2267
2016-05-09,"Todd Is Too High with Rogue Wave, episode #420 of Comedy Bang Bang: The Podcast on Earwolf",84,0.91,64,sevillianrites,http://www.earwolf.com/episode/todd-is-too-high-rogue-wave/,http://www.reddit.com/r/Earwolf/comments/4iii9i/todd_is_too_high_with_rogue_wave_episode_420_of/,734
2016-05-16,I Got Your Results - Episode 421 of Comedy Bang Bang with Maria Bamford and Will Hines,47,0.98,62,OhLook__ItsThatGuy,http://www.earwolf.com/episode/i-got-your-results/,http://www.reddit.com/r/Earwolf/comments/4jk18h/i_got_your_results_episode_421_of_comedy_bang/,493
2016-05-19,"The WoodyVerse, episode #422 of Comedy Bang Bang: The Podcast on Earwolf",83,0.97,61,jalalienation,http://earwolf.com/episode/the-woodyverse/,http://www.reddit.com/r/Earwolf/comments/4k1afx/the_woodyverse_episode_422_of_comedy_bang_bang/,800
2016-05-23,Comedy Bang! Bang! #423: Time Bobby 4,89,0.99,126,Antonton,http://earwolf.com/episode/time-bobby-4/,http://www.reddit.com/r/Earwolf/comments/4kms3u/comedy_bang_bang_423_time_bobby_4/,805
2016-05-30,"Almost Parasites, episode #424 of Comedy Bang Bang (with Weird Al Yankovic, Drew Tarver &amp; Kate Berlant)",80,0.97,61,jalalienation,http://www.earwolf.com/episode/almost-parasites/,http://www.reddit.com/r/Earwolf/comments/4loedc/almost_parasites_episode_424_of_comedy_bang_bang/,725
2016-06-02,"Sunday Afternoon Taped, episode #425 of Comedy Bang Bang: The Podcast on Earwolf",195,0.98,117,lovers_acid,http://www.earwolf.com/episode/sunday-afternoon-taped/,http://www.reddit.com/r/Earwolf/comments/4m61np/sunday_afternoon_taped_episode_425_of_comedy_bang/,2155
2016-06-06,"Schwartz &amp; Schwarts, episode #426 of Comedy Bang Bang: The Podcast on Earwolf",104,0.97,106,burrito-boy,http://www.earwolf.com/episode/schwartz-schwarts/,http://www.reddit.com/r/Earwolf/comments/4ms3re/schwartz_schwarts_episode_426_of_comedy_bang_bang/,1163
2016-06-13,"True Russian Facts, episode #427 of Comedy Bang Bang: The Podcast on Earwolf",81,0.96,60,sevillianrites,http://www.earwolf.com/episode/true-russian-facts/,http://www.reddit.com/r/Earwolf/comments/4nuiqq/true_russian_facts_episode_427_of_comedy_bang/,760
2016-06-16,"Get Donk'd, episode #428 of Comedy Bang Bang: The Podcast on Earwolf",84,0.98,66,cluckmuck,http://www.earwolf.com/episode/get-donkd/,http://www.reddit.com/r/Earwolf/comments/4ockam/get_donkd_episode_428_of_comedy_bang_bang_the/,557
2016-06-20,"Almost Mandatory, episode #429 of Comedy Bang Bang: The Podcast on Earwolf",161,0.98,113,GiantDeviantPiano,http://www.earwolf.com/episode/almost-mandatory/,http://www.reddit.com/r/Earwolf/comments/4oxhuy/almost_mandatory_episode_429_of_comedy_bang_bang/,1479
2016-06-27,"Man Veils, episode #430 of Comedy Bang Bang: The Podcast on Earwolf",73,0.94,62,Introcourse,http://www.earwolf.com/episode/man-veils/,http://www.reddit.com/r/Earwolf/comments/4q23ga/man_veils_episode_430_of_comedy_bang_bang_the/,648
2016-06-30,"Ghost Pets Are Liars, episode #431 of Comedy Bang Bang: The Podcast on Earwolf",75,0.99,82,burrito-boy,http://www.earwolf.com/episode/ghost-pets-are-liars/,http://www.reddit.com/r/Earwolf/comments/4qkdja/ghost_pets_are_liars_episode_431_of_comedy_bang/,810
2016-07-04,"Dana Carvey's Micro-Impressions, episode #432 of Comedy Bang Bang: The Podcast on Earwolf",82,0.99,119,burrito-boy,http://www.earwolf.com/episode/dana-carvey-micro-impressions/,http://www.reddit.com/r/Earwolf/comments/4r61ze/dana_carveys_microimpressions_episode_432_of/,956
2016-07-11,"Government Pizza, episode #433 of Comedy Bang Bang: The Podcast on Earwolf",111,0.9,50,sevillianrites,http://www.earwolf.com/episode/government-pizza/,http://www.reddit.com/r/Earwolf/comments/4s9pyd/government_pizza_episode_433_of_comedy_bang_bang/,783
2016-07-18,"Jim Gaffigan Says No, episode #435 of Comedy Bang Bang: The Podcast on Earwolf",96,0.98,90,burrito-boy,http://www.earwolf.com/episode/jim-gaffigan-says-no/,http://www.reddit.com/r/Earwolf/comments/4tdy23/jim_gaffigan_says_no_episode_435_of_comedy_bang/,1040
2016-07-25,"Rich Mind Vain, episode #436 of Comedy Bang Bang: The Podcast on Earwolf",183,0.98,130,burrito-boy,http://www.earwolf.com/episode/rich-mind-vain/,http://www.reddit.com/r/Earwolf/comments/4uhbch/rich_mind_vain_episode_436_of_comedy_bang_bang/,1620
2016-08-07,"Comedy Bang Bang #37 ""Exclusive Prince Interview"" w/ Sarah Silverman, Todd Glass, Hannibal Buress",11,0.79,38,magister0,http://www.earwolf.com/episode/exclusive-prince-interview/,http://www.reddit.com/r/Earwolf/comments/4wn0ou/comedy_bang_bang_37_exclusive_prince_interview_w/,46
2016-08-08,"Comedy Bang Bang #438 ""Hair Take It"" w/ Cameron Esposito, Rhea Butcher, Paul F. Tompkins",198,0.92,88,magister0,http://www.earwolf.com/episode/hair-take-it/,http://www.reddit.com/r/Earwolf/comments/4wox71/comedy_bang_bang_438_hair_take_it_w_cameron/,1716
2016-08-11,"Comedy Bang Bang #439 ""It's Great (An Improv Team)"" w/ Adam Pally and Nick Kroll",103,0.96,125,magister0,http://www.earwolf.com/episode/its-great/,http://www.reddit.com/r/Earwolf/comments/4x6swz/comedy_bang_bang_439_its_great_an_improv_team_w/,1068
2016-08-15,"Pop-TarTender, episode #440 of Comedy Bang Bang: The Podcast on Earwolf",137,0.98,136,burrito-boy,http://www.earwolf.com/episode/pop-tartender/,http://www.reddit.com/r/Earwolf/comments/4xsf01/poptartender_episode_440_of_comedy_bang_bang_the/,1805
2016-08-29,"Atlantis Dire Warning, episode #442 of Comedy Bang Bang: The Podcast on Earwolf",80,1,101,Introcourse,http://www.earwolf.com/episode/atlantis-dire-warning/,http://www.reddit.com/r/Earwolf/comments/503t22/atlantis_dire_warning_episode_442_of_comedy_bang/,938
2016-09-05,"This Is Your Boy Troy, episode #443 of Comedy Bang Bang: The Podcast on Earwolf",70,0.96,106,s4082211,http://www.earwolf.com/episode/this-is-your-boy-troy/,http://www.reddit.com/r/Earwolf/comments/518aig/this_is_your_boy_troy_episode_443_of_comedy_bang/,925
2016-09-12,"Mind Your Please and Questions, episode #444 of Comedy Bang Bang: The Podcast on Earwolf",80,0.97,75,burrito-boy,http://www.earwolf.com/episode/mind-your-please-and-questions/,http://www.reddit.com/r/Earwolf/comments/52d3x0/mind_your_please_and_questions_episode_444_of/,853
2016-09-15,"COMEDY BANG BANG #445 - Sully Goose (Michelle Biloon, PFT)",61,0.99,102,GoTheShonk,http://www.earwolf.com/episode/sully-goose/,http://www.reddit.com/r/Earwolf/comments/52viin/comedy_bang_bang_445_sully_goose_michelle_biloon/,638
2016-09-19,"Scrounging and Lounging, episode #446 of Comedy Bang Bang: The Podcast on Earwolf",139,0.99,125,burrito-boy,http://www.earwolf.com/episode/scrounging-and-lounging/,http://www.reddit.com/r/Earwolf/comments/53gf8l/scrounging_and_lounging_episode_446_of_comedy/,1865
2016-09-26,"These Are the Worst, episode #447 of Comedy Bang Bang: The Podcast on Earwolf",98,0.95,66,burrito-boy,http://www.earwolf.com/episode/these-are-the-worst/,http://www.reddit.com/r/Earwolf/comments/54jfw4/these_are_the_worst_episode_447_of_comedy_bang/,826
2016-10-03,"Master of Horror, episode #448 of Comedy Bang Bang: The Podcast on Earwolf",62,0.98,89,burrito-boy,http://www.earwolf.com/episode/master-of-horror/,http://www.reddit.com/r/Earwolf/comments/55mjly/master_of_horror_episode_448_of_comedy_bang_bang/,881
2016-10-10,"Comedy Bang Bang #449 ""Nasty Lyrics"" w/ Paul F. Tompkins, Drew Tarver, Ryan Gaul, Mandell Maughan, Dan Ahdoot",69,0.97,96,magister0,http://www.earwolf.com/episode/nasty-lyrics/,http://www.reddit.com/r/Earwolf/comments/56quse/comedy_bang_bang_449_nasty_lyrics_w_paul_f/,954
2016-10-13,"Throw It On the Floor, episode #450 of Comedy Bang Bang: The Podcast on Earwolf",70,0.99,60,burrito-boy,http://www.earwolf.com/episode/throw-it-on-the-floor/,http://www.reddit.com/r/Earwolf/comments/5791hw/throw_it_on_the_floor_episode_450_of_comedy_bang/,632
2016-10-17,"Wishing with The Grawlix, episode #451 of Comedy Bang Bang: The Podcast on Earwolf",85,0.99,87,burrito-boy,http://www.earwolf.com/episode/wishing-with-the-grawlix/,http://www.reddit.com/r/Earwolf/comments/57w358/wishing_with_the_grawlix_episode_451_of_comedy/,946
2016-10-24,"Pow! Pow! Power Wheels!, episode #452 of Comedy Bang Bang: The Podcast on Earwolf",121,0.98,117,burrito-boy,http://www.earwolf.com/episode/pow-pow-power-wheels/,http://www.reddit.com/r/Earwolf/comments/593bib/pow_pow_power_wheels_episode_452_of_comedy_bang/,1625
2016-10-27,"Unblocked and Unlocked, episode #453 of Comedy Bang Bang: The Podcast on Earwolf",72,0.99,67,burrito-boy,http://www.earwolf.com/episode/unblocked-and-unlocked/,http://www.reddit.com/r/Earwolf/comments/59mpee/unblocked_and_unlocked_episode_453_of_comedy_bang/,681
2016-10-31,"Return to Suicide House Part Tricks-or-Treats, episode #454 of Comedy Bang Bang: The Podcast on Earwolf",128,0.98,194,sevillianrites,http://www.earwolf.com/episode/return-to-suicide-house-part-tricks-or-treats/,http://www.reddit.com/r/Earwolf/comments/5aayld/return_to_suicide_house_part_tricksortreats/,2029
2016-11-03,"The Washington Monugents Reunite, episode #455 of Comedy Bang Bang: The Podcast on Earwolf",89,1,126,burrito-boy,http://www.earwolf.com/episode/the-washington-monugents-reunite/,http://www.reddit.com/r/Earwolf/comments/5avg02/the_washington_monugents_reunite_episode_455_of/,930
2016-11-07,"The Historic Rap, episode #456 of Comedy Bang Bang: The Podcast on Earwolf",87,1,129,burrito-boy,http://www.earwolf.com/episode/the-historic-rap/,http://www.reddit.com/r/Earwolf/comments/5bl26h/the_historic_rap_episode_456_of_comedy_bang_bang/,1231
2016-11-14,"Prepare for the Quake, episode #457 of Comedy Bang Bang: The Podcast on Earwolf",54,0.97,68,9620554,http://www.earwolf.com/episode/prepare-the-quake/,http://www.reddit.com/r/Earwolf/comments/5cuwrj/prepare_for_the_quake_episode_457_of_comedy_bang/,349
2016-11-28,"Persons of Interest, episode #460 of Comedy Bang Bang: The Podcast on Earwolf",53,0.98,76,burrito-boy,http://www.earwolf.com/episode/persons-of-interest/,http://www.reddit.com/r/Earwolf/comments/5falbm/persons_of_interest_episode_460_of_comedy_bang/,614
2016-12-01,"Tragedy Boom! Boom! with The Magic Tavern, episode #461 of Comedy Bang Bang: The Podcast on Earwolf",63,0.99,100,Hybeltiger,http://www.earwolf.com/episode/tragedy-boom-boom-with-the-magic-tavern/,http://www.reddit.com/r/Earwolf/comments/5fw7k9/tragedy_boom_boom_with_the_magic_tavern_episode/,730
2016-12-05,"Breakin' Since the 30s, episode #462 of Comedy Bang Bang: The Podcast on Earwolf",108,0.97,87,burrito-boy,http://www.earwolf.com/episode/breakin-since-the-30s/,http://www.reddit.com/r/Earwolf/comments/5gksz2/breakin_since_the_30s_episode_462_of_comedy_bang/,1115
2016-12-12,"2016 Holiday Spectacular, episode #463 of Comedy Bang Bang: The Podcast on Earwolf",362,0.98,323,burrito-boy,http://www.earwolf.com/episode/2016-holiday-spectacular/,http://www.reddit.com/r/Earwolf/comments/5hvhmr/2016_holiday_spectacular_episode_463_of_comedy/,6425
2016-12-19,"Best of 2016 Pt. 1, episode #BO2016.1 of Comedy Bang Bang: The Podcast on Earwolf",130,0.99,184,burrito-boy,http://www.earwolf.com/episode/best-of-2016-pt-1/,http://www.reddit.com/r/Earwolf/comments/5j5a73/best_of_2016_pt_1_episode_bo20161_of_comedy_bang/,2248
2016-12-22,"Best of 2016 Pt. 2, episode #BO2016.2 of Comedy Bang Bang: The Podcast on Earwolf",112,1,118,burrito-boy,http://www.earwolf.com/episode/best-of-2016-pt-2/,http://www.reddit.com/r/Earwolf/comments/5jpgrs/best_of_2016_pt_2_episode_bo20162_of_comedy_bang/,1816
2016-12-26,"Best of 2016 Pt. 3, episode #BO2016.3 of Comedy Bang Bang: The Podcast on Earwolf",82,0.98,100,magister0,http://www.earwolf.com/episode/best-of-2016-pt-3/,http://www.reddit.com/r/Earwolf/comments/5kcsgg/best_of_2016_pt_3_episode_bo20163_of_comedy_bang/,1282
2016-12-29,"Best of 2016 Pt. 4, episode #BO2016.4 of Comedy Bang Bang: The Podcast on Earwolf",174,0.98,111,burrito-boy,http://www.earwolf.com/episode/best-of-2016-pt-4/,http://www.reddit.com/r/Earwolf/comments/5kvqmx/best_of_2016_pt_4_episode_bo20164_of_comedy_bang/,2001
2017-01-02,"Comedy Bang Bang #464 ""A Ton More Sexy"" w/ Ben Schwartz and Horatio Sanz",91,0.98,141,magister0,http://www.earwolf.com/episode/a-ton-more-sexy/,http://www.reddit.com/r/Earwolf/comments/5lk7n8/comedy_bang_bang_464_a_ton_more_sexy_w_ben/,1066
2017-01-09,"Harsh Joe Pinions, episode #465 of Comedy Bang Bang: The Podcast on Earwolf",109,0.97,104,burrito-boy,http://www.earwolf.com/episode/harsh-joe-pinions/,http://www.reddit.com/r/Earwolf/comments/5mwidx/harsh_joe_pinions_episode_465_of_comedy_bang_bang/,1399
2017-01-16,"Gossip Guy, episode #466 of Comedy Bang Bang: The Podcast on Earwolf",68,0.96,85,burrito-boy,http://www.earwolf.com/episode/gossip-guy/,http://www.reddit.com/r/Earwolf/comments/5o9oav/gossip_guy_episode_466_of_comedy_bang_bang_the/,652
2017-01-23,"TruLife TV, episode #467 of Comedy Bang Bang: The Podcast on Earwolf",79,0.97,92,burrito-boy,http://www.earwolf.com/episode/trulife-tv/,http://www.reddit.com/r/Earwolf/comments/5pnbd1/trulife_tv_episode_467_of_comedy_bang_bang_the/,615
2017-01-30,The Dream Method -- #468 of Comedy Bang! Bang!,238,0.97,100,irishstevenj,http://www.earwolf.com/episode/the-dream-method/,http://www.reddit.com/r/Earwolf/comments/5qzhf6/the_dream_method_468_of_comedy_bang_bang/,2739
2017-02-06,"Quiznos What QuizDid, episode #469 of Comedy Bang Bang: The Podcast on Earwolf",91,0.98,106,burrito-boy,http://www.earwolf.com/episode/quiznos-what-quizdid/,http://www.reddit.com/r/Earwolf/comments/5sd1ip/quiznos_what_quizdid_episode_469_of_comedy_bang/,1643
2017-02-13,"Electric Guest Are Masculine, episode #470 of Comedy Bang Bang: The Podcast on Earwolf",121,0.95,89,burrito-boy,http://www.earwolf.com/episode/electric-guest-are-masculine/,http://www.reddit.com/r/Earwolf/comments/5trr04/electric_guest_are_masculine_episode_470_of/,1127
2017-02-20,"Shy By Nature, Outgoing By Nurture -- Episode 471 of Comedy Bang! Bang!",98,0.98,107,irishstevenj,http://www.earwolf.com/episode/cbb-471/,http://www.reddit.com/r/Earwolf/comments/5v3gq3/shy_by_nature_outgoing_by_nurture_episode_471_of/,1072
2017-02-23,"Pleats, Please!, episode #472 of Comedy Bang Bang: The Podcast on Earwolf",61,0.97,83,burrito-boy,http://www.earwolf.com/episode/pleats-please/,http://www.reddit.com/r/Earwolf/comments/5vpatv/pleats_please_episode_472_of_comedy_bang_bang_the/,554
2017-02-27,"Tight Tort, episode #473 of Comedy Bang Bang: The Podcast on Earwolf",130,0.97,129,burrito-boy,http://www.earwolf.com/episode/tight-tort/,http://www.reddit.com/r/Earwolf/comments/5wfl0e/tight_tort_episode_473_of_comedy_bang_bang_the/,1916
2017-03-06,"Liquid Meal Spheres, episode #474 of Comedy Bang Bang: The Podcast on Earwolf",166,0.97,160,burrito-boy,http://www.earwolf.com/episode/liquid-meal-spheres/,http://www.reddit.com/r/Earwolf/comments/5xs3hi/liquid_meal_spheres_episode_474_of_comedy_bang/,2466
2017-03-13,"Prince and John Popper, episode #475 of Comedy Bang Bang: The Podcast on Earwolf",94,0.98,150,burrito-boy,http://www.earwolf.com/episode/prince-and-john-popper/,http://www.reddit.com/r/Earwolf/comments/5z3ock/prince_and_john_popper_episode_475_of_comedy_bang/,1193
2017-03-20,"The Evigan Way, episode #476 of Comedy Bang Bang: The Podcast on Earwolf",70,0.92,64,irishstevenj,http://www.earwolf.com/episode/the-evigan-way/,http://www.reddit.com/r/Earwolf/comments/60f4dj/the_evigan_way_episode_476_of_comedy_bang_bang/,621
2017-03-23,"Two Fingers Wide, episode #477 of Comedy Bang Bang: The Podcast on Earwolf",85,0.98,124,Bill-Cosby-Bukowski,http://www.earwolf.com/episode/two-fingers-wide/,http://www.reddit.com/r/Earwolf/comments/610yun/two_fingers_wide_episode_477_of_comedy_bang_bang/,1088
2017-03-27,"Spank Me With A Feather!, episode #478 of Comedy Bang Bang: The Podcast on Earwolf",150,0.97,159,burrito-boy,http://www.earwolf.com/episode/spank-me-with-a-feather/,http://www.reddit.com/r/Earwolf/comments/61qp77/spank_me_with_a_feather_episode_478_of_comedy/,2301
2017-04-03,"The Bunn Process, episode #479 of Comedy Bang Bang",67,0.91,52,irishstevenj,http://www.earwolf.com/episode/the-bunn-process/,http://www.reddit.com/r/Earwolf/comments/63586k/the_bunn_process_episode_479_of_comedy_bang_bang/,585
2017-04-06,"Tooth of the Sea, episode #480 of Comedy Bang Bang: The Podcast on Earwolf",135,0.93,66,burrito-boy,http://www.earwolf.com/episode/tooth-of-the-sea,http://www.reddit.com/r/Earwolf/comments/63rei0/tooth_of_the_sea_episode_480_of_comedy_bang_bang/,1291
2017-04-10,"Silly Con Valley Poo Crew 3, episode #481 of Comedy Bang Bang: The Podcast on Earwolf",122,0.97,224,burrito-boy,http://www.earwolf.com/episode/silly-con-valley-poo-crew-3/,http://www.reddit.com/r/Earwolf/comments/64i4ro/silly_con_valley_poo_crew_3_episode_481_of_comedy/,1920
2017-04-17,"Streahemoth, episode #482 of Comedy Bang Bang: The Podcast on Earwolf",60,0.96,76,sevillianrites,http://www.earwolf.com/episode/strea-hemoth/,http://www.reddit.com/r/Earwolf/comments/65u7fu/streahemoth_episode_482_of_comedy_bang_bang_the/,832
2017-04-20,Comedy Bang Bang #483- The 420 Show,102,0.97,123,TvsPhil,http://www.earwolf.com/episode/the-420-show/,http://www.reddit.com/r/Earwolf/comments/66g885/comedy_bang_bang_483_the_420_show/,1406
2017-04-24,"An Abandoned Puppet Theater w/ CBB Tour Reunion, episode #109 of SPONTANEANATION with Paul F. Tompkins on Earwolf",56,0.99,118,burrito-boy,http://www.earwolf.com/episode/an-abandoned-puppet-theater-w-cbb-tour-reunion/,http://www.reddit.com/r/Earwolf/comments/677k2e/an_abandoned_puppet_theater_w_cbb_tour_reunion/,629
2017-04-24,Comedy Bang Bang #484 - Pre Chowder,201,0.99,190,Ruive05,http://www.earwolf.com/episode/pre-chowder/,http://www.reddit.com/r/Earwolf/comments/677jys/comedy_bang_bang_484_pre_chowder/,3057
2017-05-01,Comedy Bang Bang #485: The 8th Anniversary Show!,303,0.98,353,CatsLikeToMeow,http://www.earwolf.com/episode/the-8th-anniversary-show/,http://www.reddit.com/r/Earwolf/comments/68km28/comedy_bang_bang_485_the_8th_anniversary_show/,5697
2017-05-08,"Schwimm On In, episode #486 of Comedy Bang Bang: The Podcast on Earwolf",133,0.98,121,burrito-boy,http://www.earwolf.com/episode/schwimm-on-in/,http://www.reddit.com/r/Earwolf/comments/69wleg/schwimm_on_in_episode_486_of_comedy_bang_bang_the/,1468
2017-05-15,"Genie Awareness, episode #487 of Comedy Bang Bang: The Podcast on Earwolf",98,0.98,95,burrito-boy,http://www.earwolf.com/episode/genie-awareness/,http://www.reddit.com/r/Earwolf/comments/6b8xtd/genie_awareness_episode_487_of_comedy_bang_bang/,1097
2017-05-20,"Grammy Spectacular, episode #143 of Comedy Bang Bang - I think the most underrated CBB episode, in particular Amy Phillips' performance as Liza Minelli (34 mins onwards)",4,0.86,15,SweetDeeReynolds_,http://www.earwolf.com/episode/grammy-spectacular/,http://www.reddit.com/r/Earwolf/comments/6ccw2d/grammy_spectacular_episode_143_of_comedy_bang/,10
2017-05-22,"3 Kidnapped Boys, episode #488 of Comedy Bang Bang: The Podcast on Earwolf",68,0.99,86,sevillianrites,http://www.earwolf.com/episode/cbb-488/,http://www.reddit.com/r/Earwolf/comments/6clrzl/3_kidnapped_boys_episode_488_of_comedy_bang_bang/,677
2017-05-29,"The Bajillion Dollar Propertie$ Elevator Pitch, episode #489 of Comedy Bang Bang: The Podcast on Earwolf",106,0.93,134,burrito-boy,http://www.earwolf.com/episode/the-bajillion-dollar-propertie-elevator-pitch/,http://www.reddit.com/r/Earwolf/comments/6dyuyp/the_bajillion_dollar_propertie_elevator_pitch/,1964
2017-06-05,"CBB #490: Coma Pants (Lucia Aniello, Paul W. Downs, Carl Tart, Zeke Nicholson, Lamar Woods)",94,0.99,88,CatsLikeToMeow,http://www.earwolf.com/episode/coma-pants/43,http://www.reddit.com/r/Earwolf/comments/6fcpiu/cbb_490_coma_pants_lucia_aniello_paul_w_downs/,1271
2017-06-12,"CBB #491: Goo It (Rory Scovel, Mike Hanford, &amp; D'arcy Carden)",51,0.97,92,pgray963,http://www.earwolf.com/episode/goo-it/,http://www.reddit.com/r/Earwolf/comments/6gqqcs/cbb_491_goo_it_rory_scovel_mike_hanford_darcy/,573
2017-06-19,"Dashiki Fever, episode #492 of Comedy Bang Bang: The Podcast on Earwolf",93,0.96,129,burrito-boy,http://www.earwolf.com/episode/dashiki-fever/,http://www.reddit.com/r/Earwolf/comments/6i4unh/dashiki_fever_episode_492_of_comedy_bang_bang_the/,1086
2017-06-22,"CBB #493: King Garbage Dick (Nick Kroll, Anthony King, Seth Morris)",71,1,91,CatsLikeToMeow,http://www.earwolf.com/episode/king-garbage-dick/,http://www.reddit.com/r/Earwolf/comments/6irx94/cbb_493_king_garbage_dick_nick_kroll_anthony_king/,684
2017-06-26,"Face Fox, episode #494 of Comedy Bang Bang: The Podcast",158,0.97,151,irishstevenj,http://www.earwolf.com/episode/face-fox/,http://www.reddit.com/r/Earwolf/comments/6jjl66/face_fox_episode_494_of_comedy_bang_bang_the/,2200
2017-06-29,"Who CBBeefed?, episode #495 of Comedy Bang Bang: The Podcast on Earwolf (w/ Jason Mantzoukas, Mary Holland, and Tim Baltz)",110,0.97,149,burrito-boy,http://www.earwolf.com/episode/who-cbbeefed/,http://www.reddit.com/r/Earwolf/comments/6k6q3n/who_cbbeefed_episode_495_of_comedy_bang_bang_the/,1582
2017-07-03,"The Dream Lords, episode #496 of Comedy Bang Bang: The Podcast on Earwolf",100,0.98,91,burrito-boy,http://www.earwolf.com/episode/the-dream-lords/,http://www.reddit.com/r/Earwolf/comments/6kyef2/the_dream_lords_episode_496_of_comedy_bang_bang/,1129
2017-07-10,"Wait Awhile, episode #497 of Comedy Bang Bang: The Podcast on Earwolf",78,0.97,100,burrito-boy,http://www.earwolf.com/episode/wait-awhile/,http://www.reddit.com/r/Earwolf/comments/6mcwvm/wait_awhile_episode_497_of_comedy_bang_bang_the/,920
2017-07-13,"What That DOS, episode #498 of Comedy Bang Bang: The Podcast on Earwolf",104,0.99,90,burrito-boy,http://www.earwolf.com/episode/what-that-dos/,http://www.reddit.com/r/Earwolf/comments/6n01z5/what_that_dos_episode_498_of_comedy_bang_bang_the/,1161
2017-07-17,"The Freak, episode #499 of Comedy Bang Bang: The Podcast on Earwolf",166,0.98,144,burrito-boy,http://www.earwolf.com/episode/the-freak/,http://www.reddit.com/r/Earwolf/comments/6nrik4/the_freak_episode_499_of_comedy_bang_bang_the/,2362
2017-07-24,"The 500th Episode, episode #500 of Comedy Bang Bang: The Podcast on Earwolf",284,0.97,377,burrito-boy,http://www.earwolf.com/episode/the-500th-episode/,http://www.reddit.com/r/Earwolf/comments/6p6ssc/the_500th_episode_episode_500_of_comedy_bang_bang/,4683
2017-07-31,"Manchester Orchestra's Kith and Kin, episode #501 of Comedy Bang Bang: The Podcast on Earwolf",128,0.98,140,burrito-boy,http://www.earwolf.com/episode/manchester-orchestras-kith-and-kin/,http://www.reddit.com/r/Earwolf/comments/6qmslm/manchester_orchestras_kith_and_kin_episode_501_of/,1929
2017-08-07,"Error 502, episode #502 of Comedy Bang Bang: The Podcast",120,0.98,114,irishstevenj,http://www.earwolf.com/episode/error-502/,http://www.reddit.com/r/Earwolf/comments/6s3zn6/error_502_episode_502_of_comedy_bang_bang_the/,1584
2017-08-14,"Reese's Feces, episode #503 of Comedy Bang Bang: The Podcast",129,0.98,119,irishstevenj,http://www.earwolf.com/episode/reeses-feces/,http://www.reddit.com/r/Earwolf/comments/6tku1k/reeses_feces_episode_503_of_comedy_bang_bang_the/,1373
2017-08-17,"The Bigger the Percent the Better, episode #504 of Comedy Bang Bang: The Podcast on Earwolf",117,0.98,156,burrito-boy,http://www.earwolf.com/episode/the-bigger-the-percent-the-better/,http://www.reddit.com/r/Earwolf/comments/6u8bg8/the_bigger_the_percent_the_better_episode_504_of/,1675
2017-08-21,"Grass-Fed Bits, episode #505 of Comedy Bang Bang: The Podcast on Earwolf",72,0.96,79,burrito-boy,http://www.earwolf.com/episode/grass-fed-bits/,http://www.reddit.com/r/Earwolf/comments/6v1bn5/grassfed_bits_episode_505_of_comedy_bang_bang_the/,890
2017-08-28,"Hot Tub Diarrhea, episode #506 of Comedy Bang Bang",101,0.96,93,RXBonanza,http://www.earwolf.com/episode/hot-tub-diarrhea/,http://www.reddit.com/r/Earwolf/comments/6whty1/hot_tub_diarrhea_episode_506_of_comedy_bang_bang/,1164
2017-09-04,"Popcorn Costume, episode #507 of Comedy Bang Bang: The Podcast",190,0.91,81,irishstevenj,http://www.earwolf.com/episode/popcorn-costume/,http://www.reddit.com/r/Earwolf/comments/6xyvm8/popcorn_costume_episode_507_of_comedy_bang_bang/,2122
2018-01-01,"Best of 2017 Pt. 3, episode #BO2017.3 of Comedy Bang Bang: The Podcast on Earwolf",117,0.98,126,hypernermalization,http://www.earwolf.com/episode/best-of-2017-pt-3/,http://www.reddit.com/r/Earwolf/comments/7ne45c/best_of_2017_pt_3_episode_bo20173_of_comedy_bang/,1632
2018-01-04,"Best of 2017 Pt. 4, episode #BO2017.4 of Comedy Bang Bang: The Podcast on Earwolf",172,0.99,159,sevillianrites,http://www.earwolf.com/episode/best-of-2017-pt-4/,http://www.reddit.com/r/Earwolf/comments/7o1tf8/best_of_2017_pt_4_episode_bo20174_of_comedy_bang/,2483
2018-01-08,"Air Lift Me Out, episode #526 of Comedy Bang Bang: The Podcast on Earwolf",95,0.99,131,burrito-boy,http://www.earwolf.com/episode/air-lift-me-out/,http://www.reddit.com/r/Earwolf/comments/7ox45j/air_lift_me_out_episode_526_of_comedy_bang_bang/,1246
